name,phone_number
Ritika Bhatt,9911223344
Alok Mishra,9822123456
Sanya Grover,9798123456
Tarun Kapoor,9988112233
Kirti Sharma,9833114455
Abhishek Rathi,9776677889
Aman Verma,9812345670
Nidhi Joshi,9823456781
Rahul Mehra,9834567892
Sneha Saxena,9845678903
Vikram Rao,9856789014
Pooja Tiwari,9867890125
Manish Sinha,9878901236
Anjali Yadav,9889012347
Rajeev Nair,9890123458
Priya Bansal,9901234569
Kunal Singh,9912345671
Deepa Reddy,9923456782
Rohit Shetty,9934567893
Neha Malhotra,9945678904
Aakash Jain,9956789015
Isha Kapoor,9967890126
Saurabh Shah,9978901237
Divya Bhatt,9989012348
Mohit Chauhan,9990123459
Tanya Mehra,9801234560
Nikhil Das,9812345672
Megha Patil,9823456783
Aditya Rao,9834567894
Simran Kaur,9845678905
Yash Sharma,9856789016
Anita Pillai,9867890127
Arjun Sen,9878901238
Reena Dube,9889012349
Karan Desai,9890123460
Swati Tripathi,9901234571
Harshit Nanda,9912345682
Kritika Singh,9923456793
Mayank Joshi,9934567804
Avni Gupta,9945678915
Siddharth Roy,9956789026
Riya Sharma,9967890137
Dhruv Kapoor,9978901248
Shruti Saxena,9989012359
Anshul Yadav,9990123470
Preeti Mehta,9801234581
Varun Ahuja,9812345692
Tanvi Jain,9823456703
Abhay Rathi,9834567814
Juhi Verma,9845678925
Raj Malhotra,9856789036
Ira Das,9867890147
Sahil Shah,9878901258
Namrata Sinha,9889012369
Ashwin Iyer,9890123480
Palak Chauhan,9901234591
Rachit Grover,9912345602
Meera Pillai,9923456713
Dev Khurana,9934567824
Shreya Nair,9945678935
Tushar Tiwari,9956789046
Lavanya Patil,9967890157
Om Prakash,9978901268
Nikita Jain,9989012379
Hardik Gupta,9990123490
Avantika Rao,9801234601
Chirag Singh,9812345712
Trisha Dube,9823456823
Aniket Kapoor,9834567934
