id,customer_name,address,pincode,latitude,longitude,weight,payment_mode,payment_status,driver_id,amount,created_at,batch_id,customer_phone,otp_verified
fe42d8eb-34db-4bf8-8b7e-3729ddbda822,Stephanie Rodriguez,"103 Booth Wells Apt. 722, Wilsonstad, MN 60418",560002,18.230506,40.353937,2.01,cod,pending,,201.0,2025-07-21T09:25:33.780246,,+916363547255,True
12fa25f1-fe51-4f87-b821-edfb1217890a,Ashley Sims,"51903 Gonzalez Lodge Apt. 910, Stephenfort, IL 48169",400003,-48.536813,-12.461855,0.78,cod,failed,,78.0,2025-07-21T09:25:33.780779,,+916363547255,False
b71b7093-faa4-48d3-8d8f-32f545aae43e,Leslie Campbell,"5730 Griffin Courts, Wilkinsonshire, NM 30193",600001,-82.895294,174.156833,4.18,prepaid,failed,,418.0,2025-07-21T09:25:33.781233,,+916363547255,False
3272b253-0d98-45b6-8210-e977af4acdd1,Rebecca Lewis,"771 Cannon Meadow Suite 897, Lake Mallory, SD 02511",700002,-30.782875,141.500923,1.78,upi,failed,,178.0,2025-07-21T09:25:33.781675,,+916363547255,True
cdc8c746-3d47-4239-9631-900c67acfb00,Donna Olson,"83772 Jo Well Suite 921, East Paulfurt, OH 89239",600002,-68.374928,-99.140421,2.64,upi,paid,,264.0,2025-07-21T09:25:33.782063,,+916363547255,False
e1c1537a-7873-4260-a5e3-9016e194c78c,Lisa Hobbs,"051 Allen Roads, West Austin, NH 48205",400003,34.336612,-83.867687,1.57,upi,paid,,157.0,2025-07-21T09:25:33.782453,,+916363547255,False
d10afd18-af2d-467d-99f9-cd9a7a1a122b,Richard White,"7011 Kirk Village, Austinhaven, AZ 53680",700001,-77.456332,-143.369939,3.52,cod,pending,,352.0,2025-07-21T09:25:33.782860,,+916363547255,True
8da2a6fa-e36e-4da7-8142-fe5c7a26dfd0,Ann Thompson,"65706 Byrd Bridge, Quinnstad, SC 91572",700003,-58.462775,2.321920,4.35,prepaid,failed,,435.0,2025-07-21T09:25:33.783276,,+916363547255,False
3b802c0d-7a80-43ab-b43b-1cfe7fa129dc,Denise Griffin,"55210 Cowan Islands Apt. 611, West Marcus, ND 90412",560001,-77.514128,-75.924937,4.22,prepaid,pending,,422.0,2025-07-21T09:25:33.783763,,+916363547255,True
4ccca5ba-357e-44ee-b19f-78845593dd3b,James Young,"7548 Briana Inlet, South Christinaburgh, MI 80515",560001,-17.816362,179.581577,3.31,cod,paid,,331.0,2025-07-21T09:25:33.784340,,+916363547255,True
649be729-fbad-4093-9c21-7cec7226dc40,Shawn Stewart,"47246 Duane Shoal Suite 638, Robinsonbury, HI 17882",600001,-51.878558,-28.578202,1.26,upi,pending,,126.0,2025-07-21T09:25:33.784756,,+916363547255,True
799c7a0d-168d-4145-b149-e359cef311a9,Janet Brown,"4747 Michelle Brook Suite 170, Annahaven, PA 72390",600002,-19.550864,107.541152,2.2,upi,failed,,220.0,2025-07-21T09:25:33.785212,,+916363547255,False
3f59c071-c695-480d-84fa-ef4fff5007ca,Olivia Gibbs,"Unit 4969 Box 8297, DPO AA 81518",700001,-26.570812,107.787427,1.65,prepaid,paid,,165.0,2025-07-21T09:25:33.785609,,+916363547255,True
f904c0a1-ae50-496e-9a0f-9f83da228d85,John Weaver,"8125 Andrew Gardens Suite 527, Port Debramouth, VI 85906",700002,49.795229,-31.381838,4.88,upi,failed,,488.0,2025-07-21T09:25:33.786045,,+916363547255,False
7d0d1140-843b-4b1a-8877-71a909faa2b2,Jessica Flowers,"PSC 5220, Box 1161, APO AA 74641",700002,40.198434,15.320918,0.74,cod,pending,,74.0,2025-07-21T09:25:33.786269,,+916363547255,False
bb0edb5f-331c-4e51-bc60-a0766a6aa858,William Robertson,"2042 Sanchez Well Apt. 828, West Gwendolynburgh, LA 69477",400001,79.737045,-41.302429,0.53,cod,paid,,53.0,2025-07-21T09:25:33.786692,,+916363547255,True
09356083-800f-406d-b364-7d1e1d5f5564,Felicia Mendoza,"56725 Evans Spur Apt. 041, East Adam, WY 84159",560001,73.162034,-21.046545,4.46,prepaid,paid,,446.0,2025-07-21T09:25:33.787107,,+916363547255,True
3eac346e-ee07-4f36-9e48-a89a5916ea7c,Miss Patricia Rhodes,"6265 Klein Springs Apt. 201, North Daniel, ME 84347",110002,66.163712,86.754304,4.39,prepaid,pending,,439.0,2025-07-21T09:25:33.787530,,+916363547255,False
5c6c35a6-1ea3-4d4a-a7c5-3c7740997476,Andrea Gonzalez,"7757 Powers Terrace, Jonathanstad, MO 19242",700003,61.084440,59.020217,3.05,prepaid,failed,,305.0,2025-07-21T09:25:33.787921,,+916363547255,False
038ccbe5-f459-4cc7-8967-69454f6204ab,Shawn Buck,"5356 Tucker Islands, Meganport, VI 26522",560001,-19.240454,77.103834,3.38,prepaid,failed,,338.0,2025-07-21T09:25:33.788307,,+916363547255,False
48d98333-824c-469f-ad28-30a795163a34,Susan Dominguez,"310 Mcfarland Alley Apt. 441, New Jill, MS 65127",400002,-18.931924,78.881743,3.73,cod,failed,,373.0,2025-07-21T09:25:33.788713,,+916363547255,True
54135918-853d-48ef-bc21-42a77b0c7e07,Fred Murray,"28301 Michele River Suite 055, Cummingsberg, FM 03748",560003,29.412726,167.255389,3.6,prepaid,failed,,360.0,2025-07-21T09:25:33.789111,,+916363547255,True
38d9b0f7-d845-4691-aaf6-97e353e0b3f6,Richard Kelley,"187 Mark Coves, Joseshire, TX 75569",600003,-13.757156,-10.670044,4.44,cod,failed,,444.0,2025-07-21T09:25:33.789460,,+916363547255,True
0dd272ff-ee26-4eac-b79a-84c52b2c5721,Tommy Poole,"5330 Michael Mission, Stephenshire, NC 84394",600001,-42.152017,-110.759855,3.03,cod,paid,,303.0,2025-07-21T09:25:33.789811,,+916363547255,True
bb3bc5e3-d6b5-4d7a-bacb-2f6bdd6cf318,Felicia Mckinney,"91683 Hall Well, Scottstad, KY 29773",700003,-57.060310,153.592994,4.76,upi,paid,,476.0,2025-07-21T09:25:33.790189,,+916363547255,True
b82d6a36-7f96-4cca-a82f-934654557527,Jennifer Knox,"4192 Alexis Shoal Suite 319, North Karen, TN 57964",110002,-73.488971,69.811848,4.95,upi,pending,,495.0,2025-07-21T09:25:33.790549,,+916363547255,False
b2197c67-fb93-414c-b304-f88762d50b48,David Haynes,"84950 Mark Motorway Apt. 266, Cookhaven, TX 43059",560002,70.208346,127.053115,1.46,prepaid,paid,,146.0,2025-07-21T09:25:33.790948,,+916363547255,True
50151450-dab4-47e9-819b-43892077ad36,Howard Mendoza,"878 Jennifer Burgs Suite 827, Fernandezburgh, WA 43345",400003,-13.452604,97.791929,3.86,cod,paid,,386.0,2025-07-21T09:25:33.791339,,+916363547255,True
adea6daa-1829-42b3-87e4-f7bb78667b33,Nicholas Chavez,"2821 Shea Grove, Karinaberg, ME 31119",110002,-67.780928,168.650864,3.69,upi,paid,,369.0,2025-07-21T09:25:33.791715,,+916363547255,False
4f629385-d1ba-4fc1-a2f6-232aa8bc68f8,Kenneth Reed,"5005 Flores Grove, Gutierreztown, IN 33583",700001,-72.432538,-32.749702,0.82,prepaid,failed,,82.0,2025-07-21T09:25:33.792116,,+916363547255,True
658900f2-f20b-4ffb-909e-d3dc51f8f8ed,Angela Moore,"21798 Sanchez Falls, Whitneyhaven, AK 11461",700001,29.277936,155.034627,1.87,cod,failed,,187.0,2025-07-21T09:25:33.792507,,+916363547255,False
e0ff7046-627b-4bff-b0eb-ca2dcdcaafc3,Mandy Lynch,"127 Mathis Key Suite 058, Sandraland, SD 50703",110002,-89.945029,-8.965419,1.48,upi,paid,,148.0,2025-07-21T09:25:33.792899,,+916363547255,True
5142f144-746e-4eee-aa77-e1c36869cc33,Micheal Murphy,"570 Stefanie Pike, North Richardland, MS 52239",400002,61.228692,52.368870,0.64,upi,pending,,64.0,2025-07-21T09:25:33.793253,,+916363547255,True
eee3548f-03e0-4851-a4d6-d5c352388e54,Sarah Cameron,"427 Garrett Ferry, Brewerstad, MA 55503",110003,-4.978956,9.312473,1.47,prepaid,pending,,147.0,2025-07-21T09:25:33.793664,,+916363547255,False
4413b736-5da9-43c7-b91e-020e9218de4b,Karen Marquez,"60917 Davis Court Apt. 430, Loriland, IN 26280",560001,-59.752090,85.781113,3.26,cod,failed,,326.0,2025-07-21T09:25:33.794052,,+916363547255,True
2d6a2c89-54d9-43fd-8ba9-c2a4374eb8ad,Jason Floyd,"242 Lewis Lock Suite 666, West Kristin, IA 82329",560001,9.913742,100.811536,3.03,prepaid,paid,,303.0,2025-07-21T09:25:33.794435,,+916363547255,True
137a0dec-5045-4371-a0a9-2de8c70a184c,Clarence Young,"3455 Duarte Walks, Lake Wendy, MH 20620",400002,-23.618166,-114.626736,4.91,upi,pending,,491.0,2025-07-21T09:25:33.794806,,+916363547255,True
087048d2-d7e9-4256-a544-4597626ab92d,Tony Kim,"USNS Smith, FPO AP 23877",700002,12.297912,56.789330,0.66,prepaid,pending,,66.0,2025-07-21T09:25:33.795437,,+916363547255,True
507c03ad-a5fe-434b-b170-6ffcc90dca68,Heather Phillips,"294 Williams Route, New Toddport, NM 06120",600001,-13.723529,74.957316,2.24,prepaid,paid,,224.0,2025-07-21T09:25:33.796263,,+916363547255,True
35102aad-fae5-4715-8a59-3e476818cbfc,Ashley Martin,"3795 Allison Meadows, North Davidberg, LA 16052",700001,-0.615720,42.758336,4.4,cod,paid,,440.0,2025-07-21T09:25:33.797005,,+916363547255,False
dae54277-4011-4a6d-8af5-abb2aec99404,Christina Bradley,"Unit 3406 Box 2169, DPO AP 64073",700002,20.969649,-66.279298,2.44,cod,pending,,244.0,2025-07-21T09:25:33.797441,,+916363547255,True
1fab247a-6180-4aba-ac9f-1cecd96d512f,Jose Joseph,"26841 Murphy Meadow Apt. 875, South Mikeborough, ID 64214",700001,-33.362276,42.461656,1.62,cod,paid,,162.0,2025-07-21T09:25:33.798249,,+916363547255,False
e8c97c32-fd15-4fba-8ec3-2cdcec4b7bae,Wayne Wang,"88940 Rebekah Hills Apt. 003, Palmerport, CT 15381",600002,22.249604,21.082734,1.06,upi,failed,,106.0,2025-07-21T09:25:33.799050,,+916363547255,True
cd70077e-643e-47f6-9d02-de039b0122a0,Brandon Duke,"7091 Dawson Tunnel Suite 264, Janicebury, OK 40360",700002,-48.841772,64.626634,2.55,cod,failed,,255.0,2025-07-21T09:25:33.799847,,+916363547255,True
72f0090b-b48d-4814-9f64-51d219f2ba8a,Brent Johnson,"305 Horton Row, Ericberg, RI 86178",600002,61.676312,-125.706305,3.95,cod,paid,,395.0,2025-07-21T09:25:33.800616,,+916363547255,False
35380dc3-85fa-4477-a3d4-018f611145db,John Anderson,"0996 Maddox Motorway Suite 490, Port Linda, ID 12222",110003,-54.127699,-22.713887,0.51,cod,paid,,51.0,2025-07-21T09:25:33.801405,,+916363547255,True
b12aba87-9cc9-4f3a-8610-da12268a94b1,Anthony Hill,"4086 Joseph Street, West Kylebury, OK 20113",700003,9.945708,-63.656083,1.3,cod,failed,,130.0,2025-07-21T09:25:33.802130,,+916363547255,False
04045aaf-4391-410b-98a2-7c2055b0bd42,Christina May,"90865 Nina Glen, Lake Annette, FL 67645",110003,77.774863,-110.171317,1.34,prepaid,paid,,134.0,2025-07-21T09:25:33.802856,,+916363547255,False
34b8b21c-0ec0-4d6a-aad0-0f41599c6d11,Angelica Rogers,"138 Samuel Center Suite 641, Bellville, WA 24393",110003,-52.012774,124.847803,4.93,upi,failed,,493.0,2025-07-21T09:25:33.803651,,+916363547255,True
8520ba66-94f8-4499-8f93-21cf148d9949,Nicholas Mclaughlin,"9616 King Via Apt. 033, New Warrenmouth, VI 64068",400002,-26.007216,-121.679941,2.24,prepaid,pending,,224.0,2025-07-21T09:25:33.804456,,+916363547255,False
e41e18a0-f825-4ed4-a11c-316bc2d2fc80,Christopher Barnes,"3667 Brittany Mill Apt. 996, Dennisburgh, WY 28731",700003,76.616484,139.364176,3.44,upi,failed,,344.0,2025-07-21T09:25:33.805258,,+916363547255,False
49aa3898-30fc-44a6-8c36-fb2376adce05,Jordan Simpson,"989 James Locks, Jonathanfurt, WY 58651",700003,-33.328560,30.860382,0.76,upi,failed,,76.0,2025-07-21T09:25:33.805965,,+916363547255,False
6ce17ad2-8fd9-4d03-b8a9-a073e3580922,Candice Edwards,"851 Weber Rue Apt. 297, Contrerasmouth, NH 23925",600002,-21.012834,86.448135,4.68,upi,failed,,468.0,2025-07-21T09:25:33.806813,,+916363547255,True
bbb5f4d3-172f-481c-8d30-65cd201af2ca,Dr. Fernando Griffith,"106 Samuel Lakes, North Pamela, VI 41336",700002,79.545398,-47.529884,3.78,upi,failed,,378.0,2025-07-21T09:25:33.807552,,+916363547255,False
1456b11a-8c82-4d5e-b2ef-18f63152c1f5,Martin Lambert DDS,"679 David Walk, West Felicia, ID 60238",560003,23.274237,-146.474691,3.74,prepaid,failed,,374.0,2025-07-21T09:25:33.808304,,+916363547255,True
90e159d8-e7da-432d-996a-35fc6b361b06,Jacob Barnes,"2159 Frank Dam Apt. 198, Youngport, IN 80119",110003,-22.232210,-2.518193,3.83,cod,failed,,383.0,2025-07-21T09:25:33.809154,,+916363547255,False
27b22284-16f7-4896-964f-a67aa7c64944,Stephanie Juarez,"64725 Alexandra Grove, North William, IN 35074",700002,-67.304960,54.696251,0.75,upi,paid,,75.0,2025-07-21T09:25:33.809878,,+916363547255,True
5d151a38-aee8-490d-8785-7a7ed1d2d2d2,Judith Hansen,"0468 Brandy Camp, Jeremyland, LA 88698",110002,-24.171310,-49.848306,3.0,upi,pending,,300.0,2025-07-21T09:25:33.810696,,+916363547255,True
71c0dcee-e894-49f4-8883-675a96cf8d41,Melissa Thomas,"Unit 2438 Box 4156, DPO AP 99694",400001,-16.114606,87.213504,2.01,prepaid,paid,,201.0,2025-07-21T09:25:33.811501,,+916363547255,True
715fbec6-179e-446c-bcc4-0013c257fef4,Mark Nolan,"1317 Nathan Extension Apt. 800, New Christopher, IL 17627",600003,-59.896192,-81.388983,2.25,prepaid,failed,,225.0,2025-07-21T09:25:33.812500,,+916363547255,False
dcfa4276-17cf-470f-93ce-1093964bfdeb,Tony Young,"198 Dwayne Springs Apt. 955, Wilkinsonberg, NY 85392",400003,56.260998,-78.393834,2.21,cod,failed,,221.0,2025-07-21T09:25:33.813287,,+916363547255,False
65a67581-fd16-4b6e-8a1d-9f231460cee3,Jasmine Williams,"3781 Shannon Squares Suite 405, New Joseph, OR 99128",400001,-77.182290,-153.530966,1.66,cod,paid,,166.0,2025-07-21T09:25:33.814312,,+916363547255,True
7ca9e2d1-11ae-420b-a6e9-4a2ca22e492d,Ashley Zimmerman,"88058 James Extensions, Port Davidmouth, OH 18990",600003,-85.653210,101.502782,2.91,prepaid,pending,,291.0,2025-07-21T09:25:33.815151,,+916363547255,True
c48e29c4-6b50-4c23-9e96-ce42016f1366,Paul Brown,"63035 Karl Brooks Suite 808, Lake Amandaborough, CA 20755",560002,-84.387312,-129.892756,4.91,prepaid,pending,,491.0,2025-07-21T09:25:33.815752,,+916363547255,False
2184e7fb-24f0-46dd-8f54-174fc4e8fba7,Douglas Alvarado,"855 Gonzalez Island Apt. 738, Port Ianton, PW 62625",600001,-22.439252,-108.403160,2.3,upi,failed,,230.0,2025-07-21T09:25:33.816188,,+916363547255,False
e61d82d4-4575-4bae-8ea1-df3739f0904e,Jacqueline Walter,"72472 Elizabeth Shore Apt. 393, Longborough, WA 66930",400001,34.512062,128.981876,2.05,upi,pending,,205.0,2025-07-21T09:25:33.816631,,+916363547255,True
324491f1-ea7c-4d8e-bb79-d7ccd5f9d470,Lori Gutierrez,"817 Robert Neck, South James, LA 84095",400003,54.902110,-2.939219,3.1,upi,failed,,310.0,2025-07-21T09:25:33.817023,,+916363547255,False
c64f4b6f-fec2-4b1c-9d78-688d3841189e,Sherry Benton,"6367 James Forges, West Tonyaburgh, TX 60297",700001,70.269875,29.900791,1.45,cod,pending,,145.0,2025-07-21T09:25:33.817869,,+916363547255,True
8ea68aef-e6f5-44e3-a0ac-dd2cf999b8fe,Joshua Rios,"18045 Harris Forge Apt. 615, Mitchellland, ND 26050",110002,69.638640,-111.227862,4.14,cod,pending,,414.0,2025-07-21T09:25:33.821185,,+916363547255,False
881a3dc9-2056-4702-93a2-853f18947902,Virginia Jackson,"109 Angela Villages Suite 476, Foleyburgh, WY 50196",110001,-84.532457,-106.395970,1.06,prepaid,paid,,106.0,2025-07-21T09:25:33.822228,,+916363547255,False
86734904-8eb5-4cdf-ab55-7958c0906e7b,Mary Lewis,"291 Russell Roads, Lake Michaeltown, SD 28146",400003,23.161508,-30.876150,3.73,cod,paid,,373.0,2025-07-21T09:25:33.823095,,+916363547255,True
731d56d1-1838-4a26-88d5-ea4b87cea534,Nicholas Hartman,"879 Monica Mountains, Port Jonathanburgh, ME 37282",400001,52.541770,131.499835,4.95,prepaid,pending,,495.0,2025-07-21T09:25:33.823835,,+916363547255,False
4aae83d3-1611-4d11-ae31-1400de6e41f1,Edward Meyer DDS,"8860 Laurie Mountain, Port Manuel, SC 96101",600003,-43.045932,-66.003382,0.96,cod,pending,,96.0,2025-07-21T09:25:33.824570,,+916363547255,True
4b6f3a2f-2b70-4a09-9831-cdb2c6289950,Lisa Scott DVM,"07076 Dougherty Estate, Robertstad, WY 57978",600002,-78.002035,-89.988114,2.89,prepaid,paid,,289.0,2025-07-21T09:25:33.825372,,+916363547255,True
a4010673-c2d0-4c7b-a33d-6bfa7a28df38,John Price,"7876 Melissa Creek Suite 942, Deborahborough, AK 58045",110002,55.681600,-109.050995,0.56,cod,paid,,56.0,2025-07-21T09:25:33.826115,,+916363547255,True
201fcf8f-9d44-4c0c-83a7-1b464588d8de,Emma Freeman,"27208 Kathryn Causeway Apt. 156, South Joshua, NH 14514",600002,-55.077506,-123.855518,3.75,upi,paid,,375.0,2025-07-21T09:25:33.826860,,+916363547255,False
bddfd54c-0f78-4aba-8418-b71a3690260c,David Weaver,"6685 Munoz Mall Suite 347, New Zachary, WY 84897",700002,66.283575,104.439678,1.47,upi,failed,,147.0,2025-07-21T09:25:33.827653,,+916363547255,False
38662964-6e4b-4c86-86ff-e69ab2a970d7,Sara Bender,"843 Warren Parkways, South Albert, PA 52260",400002,32.775160,78.050437,0.91,cod,paid,,91.0,2025-07-21T09:25:33.828438,,+916363547255,True
51d42472-ac7f-4d48-aabb-99b80c2546de,Ronald Brewer,"79560 Taylor Trace Suite 315, Joshuafurt, TN 59652",600001,68.419203,39.631667,1.64,upi,paid,,164.0,2025-07-21T09:25:33.829231,,+916363547255,True
e119ef85-0bdf-4918-b0d6-fcd9d45d22c9,Michael Luna,"8830 Kim Neck Apt. 055, Port Rebecca, IA 37077",560002,-22.061229,163.161493,1.54,cod,paid,,154.0,2025-07-21T09:25:33.829981,,+916363547255,True
ed70902d-e117-4188-87c8-155698371e34,Mike Wiley PhD,"86397 Margaret Plain, Robinmouth, MH 66774",400002,-77.598242,45.365167,0.66,cod,paid,,66.0,2025-07-21T09:25:33.830734,,+916363547255,True
c2c3d3f9-0083-4002-b5c0-451c151b7314,Brooke Rodriguez,"653 Lynch Garden, Morrisville, WI 98416",110001,41.723519,107.829320,4.01,upi,failed,,401.0,2025-07-21T09:25:33.831558,,+916363547255,True
4ce3eaec-ad7c-4555-ba74-98bbc55ca8ad,Kimberly Mcdonald,"16500 Daryl Ville Apt. 101, West Glennside, FL 30362",560002,-20.780246,-99.040428,2.53,cod,pending,,253.0,2025-07-21T09:25:33.832316,,+916363547255,True
04089923-8ad1-4a75-84be-afdb56816ef1,Kenneth Dunn,"Unit 2631 Box 5698, DPO AA 28764",110001,-41.820948,117.676654,1.76,cod,paid,,176.0,2025-07-21T09:25:33.832752,,+916363547255,True
93804dd9-6bdc-4bac-b7e8-fd9a50133df0,Mrs. Elizabeth Thompson,"1531 Amber Keys Suite 691, Justinborough, MT 17191",400003,85.599804,80.021629,1.49,upi,paid,,149.0,2025-07-21T09:25:33.833513,,+916363547255,True
b202d26f-4f80-473d-844d-a92a8f81d954,Dalton Baker,"16655 Kelly Crest Apt. 410, Mccarthytown, CA 50903",110001,21.057722,45.601838,0.54,prepaid,pending,,54.0,2025-07-21T09:25:33.835437,,+916363547255,False
0b7b1c6c-4b65-4c94-98a3-a8eac77ec9fd,Tyrone Casey,"21712 Cohen Lock, North Lisa, IN 11089",110002,4.774488,-77.173660,4.85,prepaid,failed,,485.0,2025-07-21T09:25:33.836370,,+916363547255,False
89fc49c9-5a13-47b1-8c9e-73544534f974,Tracy Duncan,"2192 Anna Stream Suite 260, Port Davidmouth, NV 95433",560003,-58.568799,100.372736,1.87,prepaid,paid,,187.0,2025-07-21T09:25:33.837177,,+916363547255,False
a6701e6a-c5a9-4241-8098-6d09b7fb41f2,Tammy Massey,"2129 Griffith Plaza Apt. 241, Smithton, IN 26956",600002,-51.234978,-7.015903,1.97,upi,paid,,197.0,2025-07-21T09:25:33.837663,,+916363547255,False
f25ff7d5-e619-4f33-99cb-bfb7bd0e14d2,Kelly Barnes,"074 Curtis Ramp Apt. 879, Manuelberg, UT 27632",110002,87.649366,-125.631406,3.99,cod,failed,,399.0,2025-07-21T09:25:33.838093,,+916363547255,True
8b6a9db1-bad4-44c9-a1dc-27dadfb29a21,Cameron Mccormick,"47654 Denise Tunnel Apt. 008, West Michael, WI 43923",600003,-34.903557,121.579439,0.98,prepaid,pending,,98.0,2025-07-21T09:25:33.838836,,+916363547255,False
02b32505-c377-4be6-af41-7fbe6ac721ff,Joe Sanchez,"82668 Katelyn Meadows Suite 113, West Nataliefort, MH 41433",400003,25.195428,104.487997,2.42,prepaid,pending,,242.0,2025-07-21T09:25:33.839622,,+916363547255,True
4360d8fa-d0b8-4da4-b7e4-8b62472d6aea,Victoria Bryan,"54091 Cardenas Spurs, Annside, GU 12621",110003,38.106450,43.975272,2.7,cod,paid,,270.0,2025-07-21T09:25:33.840415,,+916363547255,True
81a28636-686e-4b0a-81de-ec60c8644697,Carl Farrell,"Unit 1855 Box 2868, DPO AA 27014",110003,45.515876,-61.061520,1.91,cod,failed,,191.0,2025-07-21T09:25:33.840843,,+916363547255,False
e2facdb1-d096-4f88-a738-2e59497af3b4,Lauren Cook,"8417 Tara Forges Apt. 026, Walterburgh, GU 59844",700001,-80.071938,25.361140,3.32,upi,failed,,332.0,2025-07-21T09:25:33.841593,,+916363547255,True
210f6e8a-5c00-4433-bbe5-0f22eb6dbb33,Ricky Hendrix,"60522 Laura Trace Apt. 463, Danielleport, MT 45894",700002,80.650249,155.065549,1.19,prepaid,paid,,119.0,2025-07-21T09:25:33.842335,,+916363547255,True
c3e1c28d-cb61-4108-9bb4-106e30a1ea5e,Lisa Smith,"80227 Rowland Ferry Apt. 934, Lake Micheleside, AR 81944",400002,38.713875,-92.705230,4.31,prepaid,failed,,431.0,2025-07-21T09:25:33.843146,,+916363547255,True
285ed382-4926-4dc2-81e5-82f68d4c48f5,Courtney Roy,"397 Kevin Road, North Christophershire, HI 79656",110001,69.403240,7.247098,4.52,cod,paid,,452.0,2025-07-21T09:25:33.843877,,+916363547255,False
71616b37-27e4-4d96-9252-c2dfbf113839,Sarah Fisher,"5809 Alvarez Pike Suite 261, North Amberside, UT 32168",400002,-50.878972,-11.240658,0.58,prepaid,paid,,58.0,2025-07-21T09:25:33.844686,,+916363547255,False
d2c1a56a-bcda-43d1-bb35-ca1008ceffab,Kelly Jones,"2849 Michael Harbors Apt. 114, North Casey, TX 31948",400002,67.054288,131.499271,1.28,upi,paid,,128.0,2025-07-21T09:25:33.845449,,+916363547255,True
2a261946-c863-4f3c-8ab2-604d4f52ca93,Matthew Jacobs,"026 Keith Shoals, Cruzport, AZ 19067",700002,-86.288700,-42.917121,4.61,cod,failed,,461.0,2025-07-21T09:25:33.846297,,+916363547255,True
b36c6316-6558-49fc-a5d1-0d594a59155d,Douglas Hunt,"3752 Debra Walk Apt. 676, East Jasmine, MO 39037",700003,33.113962,-29.935697,3.18,cod,paid,,318.0,2025-07-21T09:25:33.847039,,+916363547255,False
d0cc7dcd-ecd4-4e2c-bb07-38e6b8321a04,Paul Thomas,"848 Susan Lane Suite 808, East Shawnport, CT 03742",600003,71.133774,-63.055610,3.74,cod,paid,,374.0,2025-07-21T09:25:33.847778,,+916363547255,True
cecb650d-8a96-43f2-8273-ca1fa4f95542,Joseph Hart,"812 Raymond Brooks Suite 149, Jasonhaven, IN 58017",110001,-46.276340,-99.565770,4.23,cod,pending,,423.0,2025-07-21T09:25:33.848519,,+916363547255,True
077e296e-3760-47e2-826f-ae5d97edaf43,Alexander Garza,"08201 Rivera Green Apt. 130, Chadport, WV 57698",560002,74.541716,59.922046,4.14,prepaid,paid,,414.0,2025-07-21T09:25:33.849315,,+916363547255,True
840c71fc-976f-4424-9690-3dd42e26a937,Pamela Rodriguez,"37826 Katherine Islands Apt. 810, Cookfurt, RI 28995",560001,-12.386111,-51.085712,0.75,cod,failed,,75.0,2025-07-21T09:25:33.850149,,+916363547255,False
104b9536-b649-4842-82d5-d4ec4a6be746,Jamie Horton,"044 Potts Island, Rebeccaport, MH 01301",110001,-3.653259,-154.205668,3.13,prepaid,pending,,313.0,2025-07-21T09:25:33.851006,,+916363547255,True
13dac33d-413d-4925-a9d5-a293b2e2c0d9,Kenneth Lopez,"298 Amanda Neck Suite 945, North Jeremy, MT 48075",110003,-39.926228,-65.684881,0.63,prepaid,pending,,63.0,2025-07-21T09:25:33.851766,,+916363547255,False
f21c12c6-7c19-4d87-9fc2-629157807b4b,Jeffery Miller,"17387 Hopkins Harbors Suite 409, West Troyfurt, PA 06817",560002,-40.218349,13.024824,2.86,prepaid,failed,,286.0,2025-07-21T09:25:33.852624,,+916363547255,False
a804f89e-2128-449b-9576-5d181134bd8b,Victor Johnson,"91316 Cole Tunnel, Port Ebony, PW 68676",560001,-74.161405,4.152434,2.61,cod,failed,,261.0,2025-07-21T09:25:33.853410,,+916363547255,True
2f572823-6b35-4f53-a998-a178b0b2bc77,Ashley Swanson,"72549 Megan Pass Apt. 943, Johntown, TX 84153",400003,46.810736,-143.827370,1.74,cod,paid,,174.0,2025-07-21T09:25:33.854093,,+916363547255,False
1df9a96f-664a-401b-94e3-7a621c155c8a,Andrew Marshall,"503 Rodriguez Spring, South Lisa, SD 31797",400001,54.075656,7.611248,4.6,cod,paid,,460.0,2025-07-21T09:25:33.854504,,+916363547255,True
7cadccf4-c48e-4e8a-94a9-a449700ac5e7,Jeremy Franklin,"401 Wendy Square Suite 199, Walterside, IL 81814",700003,-54.268506,-90.643710,4.16,upi,failed,,416.0,2025-07-21T09:25:33.854907,,+916363547255,False
c0ee8c67-5aee-4240-9aca-21171c548d26,Anthony Hicks,"8366 Laura Underpass Apt. 209, Port Jeremy, WA 33154",110002,-80.789080,-31.868491,1.59,cod,paid,,159.0,2025-07-21T09:25:33.855278,,+916363547255,True
dbfd4bd1-a712-4ca2-8af4-0d66f31c61b6,Robert Stanley,"09460 Maria Branch Suite 899, Raybury, AS 99381",110003,6.638502,13.481895,1.35,cod,paid,,135.0,2025-07-21T09:25:33.855673,,+916363547255,False
db9e3ae1-7bbe-4b9e-94c3-e0607d76036d,Brad Carey,"6000 Williams Corner, New Dennis, VA 68842",600001,-73.546462,139.969446,4.32,prepaid,failed,,432.0,2025-07-21T09:25:33.856058,,+916363547255,True
7614287d-2d90-4748-8018-62c3360b0557,Jessica Ortega,"1987 Mary Shoal Suite 131, Jenniferbury, WI 79955",400002,63.353850,-123.578801,4.19,prepaid,paid,,419.0,2025-07-21T09:25:33.856432,,+916363547255,True
16504e12-7171-45f0-8f4c-fe277dd60d9f,Walter Butler,"751 Wright Crescent Apt. 210, West Stephaniehaven, SC 25985",110001,-32.277710,-65.961866,1.94,cod,failed,,194.0,2025-07-21T09:25:33.856827,,+916363547255,False
bf3e00d5-768b-456e-a34d-a23c40a238d2,Kaylee Watts,"2623 Buck Mill Suite 709, West Marcchester, CA 30929",400001,87.028040,25.308105,2.57,upi,failed,,257.0,2025-07-21T09:25:33.857224,,+916363547255,True
902dded7-1d06-4419-aa24-80c4942239d9,Regina Oliver,"508 Scott Pines, Kathymouth, HI 67053",110001,40.211434,-129.793223,2.59,prepaid,pending,,259.0,2025-07-21T09:25:33.857606,,+916363547255,False
cf8e7b6e-9b4d-466d-a342-d23374ed0cbf,Jose Mcdonald,"829 Stacey Greens Apt. 723, Tracyborough, OH 59561",600003,-13.688715,170.894581,2.83,cod,failed,,283.0,2025-07-21T09:25:33.858021,,+916363547255,False
b4b130c6-1ad3-4d4b-942b-a6210af5b6ac,Michelle Lee,"613 White Keys Suite 426, Michaeltown, CO 81458",110003,-8.202866,123.131191,0.72,prepaid,paid,,72.0,2025-07-21T09:25:33.858421,,+916363547255,True
1b68ff87-1647-4c2d-a682-d76c1e2e20f3,Jason Keith,"67233 Amanda Meadow Suite 129, North David, ME 08867",560002,-48.709389,-135.134323,4.57,upi,paid,,457.0,2025-07-21T09:25:33.858783,,+916363547255,True
58307f7b-57f4-4103-a42e-e805736d3e33,Amy Miller,"USNV Fuller, FPO AA 31320",110002,78.901062,-133.762024,3.71,prepaid,failed,,371.0,2025-07-21T09:25:33.859076,,+916363547255,True
09b10d32-766c-4a99-b06c-861fe09d49e7,Jonathan Hart,"79358 John Lakes Apt. 092, East Joseph, NV 91180",700003,20.109369,78.284532,3.36,prepaid,paid,,336.0,2025-07-21T09:25:33.859439,,+916363547255,True
73617d20-e737-44dd-bb59-93f77f587c1a,Helen Wheeler,"60925 Harrington Cliffs Apt. 805, Williamsville, WI 59457",560003,41.329994,86.531713,4.21,cod,pending,,421.0,2025-07-21T09:25:33.859862,,+916363547255,True
86ae34b8-e2b2-48d4-a584-82a7cb39a5fe,Christian Cherry,"58579 Beasley Coves Suite 682, Port Sylvia, PR 99923",400002,-61.764754,-95.366617,2.98,cod,failed,,298.0,2025-07-21T09:25:33.860252,,+916363547255,False
5efbfa11-781e-4519-b6d5-8aa4d938f6b3,Taylor Watson,"9978 Parrish Cape, West Emily, IL 07765",700001,-19.195270,-141.633071,3.12,cod,failed,,312.0,2025-07-21T09:25:33.860635,,+916363547255,True
98589f62-c92a-4c6c-9151-53feb2ad3cad,Bailey White,"560 Taylor Shores, Stevensport, CT 51184",560002,70.430341,-65.146206,3.32,upi,failed,,332.0,2025-07-21T09:25:33.861019,,+916363547255,True
7eaa29ce-06bc-4da7-8fb5-7953d2aac97e,Danielle Brown,"PSC 1073, Box 8995, APO AP 09817",600001,5.748900,-70.080396,4.98,prepaid,pending,,498.0,2025-07-21T09:25:33.861228,,+916363547255,True
40b51a8c-302f-4dfa-9063-2def49d9f1ce,Elizabeth Fowler,"4974 Stephen Square Apt. 651, Travisland, CA 16566",110002,-65.651888,23.079424,3.53,upi,failed,,353.0,2025-07-21T09:25:33.861604,,+916363547255,False
8da075e7-36ec-41c3-ba41-b6afd79e7f92,Mary Taylor,"7624 Stone Meadow, Gregoryshire, OK 43110",700003,58.575674,-6.177544,3.55,cod,failed,,355.0,2025-07-21T09:25:33.862012,,+916363547255,False
d1c116af-1aa2-43ad-8ddf-b4c08a74ff79,Lori Mendez,"2727 Allen Estates Apt. 607, Port Stephenville, OH 24874",700001,-25.794698,64.805610,4.23,prepaid,pending,,423.0,2025-07-21T09:25:33.862377,,+916363547255,False
f573733f-63d5-493f-b9d9-691e5fee1db4,Brooke Kim,"246 Mark Cape Suite 343, Jennifertown, AL 98733",700002,59.499664,-145.883943,3.3,prepaid,paid,,330.0,2025-07-21T09:25:33.862738,,+916363547255,True
2aae34d1-5eb9-48b0-a935-7492afbd9a38,Hannah Smith,"636 Cody Skyway Suite 976, East Jonathon, NH 91354",110001,-78.802523,113.789317,4.52,cod,failed,,452.0,2025-07-21T09:25:33.863101,,+916363547255,True
2651339f-8fca-410c-91b6-42ecaf6f48a2,Scott Werner,"1182 Amber Court Apt. 581, Lake Aaronfort, MS 07680",600001,-89.151562,-32.624261,0.72,cod,failed,,72.0,2025-07-21T09:25:33.863466,,+916363547255,False
7013dc7e-a46e-4286-a2d0-aa6c85a097d9,Elizabeth Jones,"63167 Taylor Unions Apt. 396, Amberberg, PR 20787",700002,72.819736,-9.070881,2.19,prepaid,failed,,219.0,2025-07-21T09:25:33.863861,,+916363547255,False
5959a5e6-89dc-4f41-a2a0-0690552de0f8,Jo Gray,"4605 Mendoza Ways, Port Brandon, AZ 14282",600001,19.562358,-152.105506,0.78,prepaid,paid,,78.0,2025-07-21T09:25:33.864244,,+916363547255,False
3a08722e-6a3a-4dd9-aae6-df1a3bbcbcde,Ralph Arnold,"888 Sarah Turnpike, Espinozatown, AS 25711",110002,-42.673060,-103.633860,2.13,upi,pending,,213.0,2025-07-21T09:25:33.864623,,+916363547255,True
b6d0c2aa-73a0-4da4-bd4b-ed2bdb8605d6,Angela Cain,"0319 Figueroa Turnpike Suite 446, East Allison, CO 77399",110001,82.370256,-40.018948,1.89,prepaid,paid,,189.0,2025-07-21T09:25:33.865016,,+916363547255,True
223c16aa-ecba-411e-8b4b-3fd77b4e2481,Allen Jackson,"848 Trevor Centers, Richardsonport, VT 45182",600001,-85.928322,-37.827977,3.96,prepaid,failed,,396.0,2025-07-21T09:25:33.865402,,+916363547255,True
d9bd85dc-62a2-4ace-8573-5ae6d2564ce9,Elizabeth Vaughn,"Unit 7950 Box 1674, DPO AP 35949",700003,-25.997032,-65.512609,1.37,prepaid,paid,,137.0,2025-07-21T09:25:33.865607,,+916363547255,False
75c3339b-64dc-4b0d-86f4-6c16e702207c,Jessica Brown,"1515 Jillian Glen, Antoniomouth, OR 19393",560002,-62.510214,-28.440756,0.97,prepaid,paid,,97.0,2025-07-21T09:25:33.866602,,+916363547255,True
9c6fc0e5-36d2-4958-ae27-27b340f99035,Brenda Ray,"08625 Goodman Lake Apt. 182, Christinefort, RI 14774",110001,64.131300,63.569513,2.73,upi,failed,,273.0,2025-07-21T09:25:33.867980,,+916363547255,True
4cb97a6c-7b34-4e29-89e3-296f8796032f,Mr. Jeffrey Burnett DVM,"856 Park Squares, Wilsonport, CA 89451",560001,58.408174,-111.206036,1.65,prepaid,paid,,165.0,2025-07-21T09:25:33.868882,,+916363547255,False
67c61fa3-ea25-426c-ab55-7c2a263d6640,Autumn Gonzalez,"USS Hood, FPO AA 12854",600002,42.890519,71.928026,1.47,prepaid,paid,,147.0,2025-07-21T09:25:33.869487,,+916363547255,False
57dc832c-c2a9-413d-96d7-286d9f1e00f5,Jerome Smith,"544 Gary Wells, South Ashley, AL 83350",560003,31.354718,-162.917677,1.9,prepaid,pending,,190.0,2025-07-21T09:25:33.870216,,+916363547255,True
163db637-d7bd-45ec-908d-17ef55d3c914,Alexander Mckinney,"9845 Michelle Bridge, New Cheryl, AR 07967",560003,12.040329,-15.184945,1.72,cod,pending,,172.0,2025-07-21T09:25:33.870941,,+916363547255,True
09fdf101-1e7c-4fca-8b90-d5fa418cf48c,Jeremy Morrison,"USS Ray, FPO AE 03539",400001,-68.727850,-23.744423,1.06,cod,pending,,106.0,2025-07-21T09:25:33.871523,,+916363547255,False
373e10a1-4906-42bc-9afa-c75b43da842f,Jerry Mack,"73578 Wright Lodge, South Cheyenne, WI 12559",700002,6.137847,166.033495,2.99,upi,failed,,299.0,2025-07-21T09:25:33.872309,,+916363547255,False
5b104219-6582-4fed-81c1-589d23add1b5,Vickie Brooks,"320 Anthony Prairie Suite 541, Seanside, WI 68029",400002,25.769552,134.645328,1.98,prepaid,pending,,198.0,2025-07-21T09:25:33.873082,,+916363547255,True
7db3fe5a-c999-4e85-8bd8-881a3c007acf,Tiffany Garrett,"0619 Sarah Stravenue, New Gabriel, IL 96657",400003,-20.701757,174.578901,1.47,cod,paid,,147.0,2025-07-21T09:25:33.873809,,+916363547255,True
f61a0fd0-7d59-48e1-b0c0-18f85c2f1cf9,Melissa Steele,"0832 Blackwell Isle, Ronaldmouth, CO 97350",400003,-48.683168,122.441181,2.21,cod,pending,,221.0,2025-07-21T09:25:33.874631,,+916363547255,False
ec7cceac-baaf-42fb-a9b5-a8959a36341e,Darlene Ford,"4385 William Manors Suite 846, Michaelbury, IA 21674",400003,-81.973396,51.487785,0.79,cod,paid,,79.0,2025-07-21T09:25:33.875384,,+916363547255,False
a117b5f6-6928-46d0-b8f8-ad9f1c7eb0a0,Andrea Hartman,"Unit 8985 Box 6414, DPO AP 88229",560002,88.164018,169.266107,4.04,cod,pending,,404.0,2025-07-21T09:25:33.875805,,+916363547255,True
b5534e1b-150c-4c83-917a-89ec5b5a7bd5,Ashley Moreno,"501 Johnson Shoal Apt. 501, Carlsonport, OR 01723",560002,14.581562,151.855709,1.91,prepaid,failed,,191.0,2025-07-21T09:25:33.876655,,+916363547255,False
a42e186b-18ce-46f9-8869-1c2cff25f972,Ryan Vazquez,"31606 Vanessa Knoll, North Robert, MO 25815",400002,-74.635554,-173.218540,2.47,prepaid,failed,,247.0,2025-07-21T09:25:33.877374,,+916363547255,False
cd49c3a9-88cd-457d-895d-217c757f6d17,Felicia Montgomery,"9619 Valenzuela Street, Wayneview, UT 44108",700001,74.507944,-27.247651,4.68,upi,pending,,468.0,2025-07-21T09:25:33.878159,,+916363547255,False
0db96f31-e85f-49c8-b5d7-21f2a28ed804,Linda Reyes,"USS Young, FPO AE 81124",560002,-72.615314,-113.584139,0.96,cod,failed,,96.0,2025-07-21T09:25:33.878744,,+916363547255,True
7ed87980-3dcc-473f-b53e-0ff6e007951c,Tyler Oliver,"62429 Stewart Keys Suite 221, West Williamshire, VT 27113",700002,47.457464,-157.618646,3.38,cod,pending,,338.0,2025-07-21T09:25:33.879540,,+916363547255,True
8f3787fd-6333-4b96-8ff6-2c187a481dc2,Angela Romero,"9575 Julie Ports, Lake Maria, MP 54599",560003,-84.080936,-137.277735,2.0,upi,paid,,200.0,2025-07-21T09:25:33.880269,,+916363547255,True
6316840c-a3c3-4a3f-b8c4-9b925e6f091b,Bianca Yoder,"831 John Grove, Courtneybury, HI 80172",560002,-44.369120,148.436227,2.6,upi,paid,,260.0,2025-07-21T09:25:33.880991,,+916363547255,True
2227afa0-c77d-4294-8f1f-be6fc82df00b,Ryan Holmes,"57377 Julia Curve Suite 344, Lewisport, OK 43912",560002,8.902144,-130.175304,2.1,upi,paid,,210.0,2025-07-21T09:25:33.881798,,+916363547255,True
f70fdb5b-0fa2-4d81-bf58-198108041fba,Dwayne Dean,"9503 Regina Mountain, Maloneville, PR 17194",700001,-66.416812,-155.432565,2.98,upi,failed,,298.0,2025-07-21T09:25:33.882669,,+916363547255,False
e118f8ac-4d0c-4001-bbd6-1df37d2f3228,Molly King MD,"Unit 9068 Box 4850, DPO AE 78204",400003,-57.231680,115.577170,3.11,prepaid,pending,,311.0,2025-07-21T09:25:33.883142,,+916363547255,True
bc1dfdf2-58f3-4208-be8c-cff23e3a209f,Amanda Graham,"7043 Valencia Passage, West Aliciachester, NH 05889",600002,-70.861924,-147.656101,4.06,upi,paid,,406.0,2025-07-21T09:25:33.883953,,+916363547255,False
26a66249-e17d-4c95-a7be-fd9263591673,Julie Alvarado,"646 Rose Road Suite 457, Michaelside, ID 26100",700002,19.207314,-178.942869,3.7,upi,pending,,370.0,2025-07-21T09:25:33.884503,,+916363547255,True
99567a3e-0335-417d-9caf-aab301e7d88e,Amy Jones,"700 Jill Lake, Christianbury, IA 34161",110001,-36.741112,-35.887950,2.65,cod,pending,,265.0,2025-07-21T09:25:33.884979,,+916363547255,False
346b215f-4de3-4246-8ef9-3219baa4badd,Michelle Joseph,"9979 Felicia Unions Apt. 230, Port Haileyport, NH 60828",560001,57.028364,-7.943844,0.85,prepaid,failed,,85.0,2025-07-21T09:25:33.885371,,+916363547255,True
ed14ee1d-6847-4502-b668-c5938e4d66fa,Michael Reed,"851 Martinez Alley, Adammouth, UT 69475",560003,-56.290802,-91.518492,4.54,prepaid,paid,,454.0,2025-07-21T09:25:33.885760,,+916363547255,True
c711688e-543a-49cc-bc35-0c747b1907cd,Erin Moore,"6315 Garcia Shoal Apt. 471, Lake Helen, WY 31623",110003,-72.317988,-49.508605,3.96,prepaid,failed,,396.0,2025-07-21T09:25:33.886227,,+916363547255,False
b16c39ea-1912-41c1-a4f7-7edac2d9a407,Kara Hernandez,"127 Berg Orchard Apt. 645, East Michaelmouth, DC 12653",560001,-87.286629,-77.782219,4.05,upi,failed,,405.0,2025-07-21T09:25:33.886660,,+916363547255,False
eb393877-8733-40bd-8b3c-fa2456fa83bc,Cory Miller,"1777 Michael Curve, Rachaelville, OR 73828",110003,-33.439368,93.479808,1.26,upi,failed,,126.0,2025-07-21T09:25:33.887045,,+916363547255,False
7815219a-4ea3-448a-b946-13e039c1ed37,Andre Hale,"91245 Krista Corners Apt. 327, East Elizabethfurt, FM 15639",560002,30.519252,118.578994,2.31,cod,pending,,231.0,2025-07-21T09:25:33.887413,,+916363547255,True
35a913b5-a2a6-44b0-b013-6517eabbf964,Chris Poole,"5663 Jeffery Inlet, Fowlerstad, NM 59544",700002,-28.947378,-130.887625,1.02,prepaid,paid,,102.0,2025-07-21T09:25:33.887801,,+916363547255,True
d906c766-6c18-4ead-8039-68af6679f370,Shane Jimenez,"4848 Derek Brooks Suite 001, Mcbrideland, CA 64849",700001,38.997677,122.831756,0.74,prepaid,paid,,74.0,2025-07-21T09:25:33.888196,,+916363547255,True
849720a0-d1c1-4c11-82e4-631263dc65af,Kenneth Hill,"PSC 5921, Box 2536, APO AA 25301",600001,78.931338,-124.860546,2.9,prepaid,failed,,290.0,2025-07-21T09:25:33.888397,,+916363547255,True
c3c45625-7c7c-4645-ad26-778f655bbffb,Andrew Fuentes,"403 Walker Place Suite 686, Wilsonside, TN 67905",700002,-57.553520,-107.444655,4.81,upi,pending,,481.0,2025-07-21T09:25:33.888807,,+916363547255,True
3b8cf58d-a90b-4265-b83c-42acf863a406,Erika Ibarra,"112 Michael Corner Apt. 299, Clarktown, MH 76446",400002,-85.383711,174.505759,2.67,cod,pending,,267.0,2025-07-21T09:25:33.889202,,+916363547255,False
814a9144-2822-4e28-98b6-8324f3f23a53,Marc Newman,"56489 Benjamin Radial, South Christine, GA 86402",400002,-9.181603,46.875501,4.27,cod,failed,,427.0,2025-07-21T09:25:33.889558,,+916363547255,False
d1df30f3-75fc-4dd7-99cb-9d6bbde6f5e5,Megan Kramer,"01938 Larry Pine Apt. 876, Perezton, MN 58394",400003,-11.527165,92.565793,1.65,cod,paid,,165.0,2025-07-21T09:25:33.889955,,+916363547255,False
1ff8acd1-caf7-4400-820c-784da3e4f23c,Todd Adams,"19019 Nelson Summit, Boydland, TX 44132",400002,-73.861620,-160.825347,1.01,upi,failed,,101.0,2025-07-21T09:25:33.890419,,+916363547255,True
0f060e92-df9d-493b-a760-1be0fcc54a71,Mike Kim,"1570 Janice Forge Suite 774, Josephtown, AR 18382",400001,-15.132133,-173.712530,3.42,prepaid,failed,,342.0,2025-07-21T09:25:33.890872,,+916363547255,False
9811ff8b-08ce-4861-8360-48cba4a009b5,Laura Keith,"70584 Trevor Unions, New Dominic, RI 06776",110001,49.185593,-57.211489,0.93,prepaid,failed,,93.0,2025-07-21T09:25:33.891235,,+916363547255,False
3e136aca-2d1f-47db-ba68-fd0540b44370,Tracey Ross,"667 Smith Ridge, New Alicia, SD 93431",110003,-8.560258,37.421415,1.48,cod,pending,,148.0,2025-07-21T09:25:33.891621,,+916363547255,False
d4811955-a5c7-4b6d-8e04-d1e7512b03a3,Richard Thompson,"Unit 7699 Box 4907, DPO AP 68019",400002,14.529122,-42.150132,2.64,prepaid,paid,,264.0,2025-07-21T09:25:33.891824,,+916363547255,False
55c8ee4a-07c1-421f-bc25-7afc0fe2fb4a,Ms. Kim Jones PhD,"71829 Pace Passage, Lake Ashley, MO 43843",600002,85.656076,-144.637389,1.34,prepaid,pending,,134.0,2025-07-21T09:25:33.892219,,+916363547255,False
06e22379-3ed0-4b2c-9431-be78b2655575,Angela Atkinson,"47868 Clark Point, Sarahberg, ND 39010",110003,34.282466,-114.531804,0.5,upi,pending,,50.0,2025-07-21T09:25:33.892599,,+916363547255,False
d02469a5-4c94-48f4-a589-8fdd48294b21,Cheyenne Brennan,"2935 Daniels Neck, Ramirezbury, NM 38112",400001,14.383940,-20.666672,4.27,cod,pending,,427.0,2025-07-21T09:25:33.893003,,+916363547255,False
d2938766-8249-4373-9f52-e506c40aebb7,Brooke Reyes,"318 Marshall Glens, North Megan, TN 70220",600002,-8.574976,-117.727399,2.53,upi,paid,,253.0,2025-07-21T09:25:33.893382,,+916363547255,False
6b3c7cbe-b6a9-48b7-887c-9c40ea9eefcc,David Johnson,"05594 Kristen Flat, Thomasport, IA 77013",110003,-13.407734,79.690275,1.15,upi,failed,,115.0,2025-07-21T09:25:33.893732,,+916363547255,True
61508809-a8eb-4e89-a15b-8bc2aeedbc5c,Felicia Keller,"8350 Sullivan Brooks Apt. 658, Carrmouth, VI 30218",560001,7.233542,-4.548494,1.1,cod,pending,,110.0,2025-07-21T09:25:33.894150,,+916363547255,True
b114a4c3-ba04-44a0-8ff9-228c6fb66d97,Linda Lee,"532 Gonzales Pike, Joneschester, WI 78622",110002,71.973096,32.984015,4.08,cod,pending,,408.0,2025-07-21T09:25:33.894556,,+916363547255,False
d9afbf09-16a4-458d-86ae-306d9cb9a32e,Christopher Burgess,"50182 Ryan Villages, Anafort, NY 93604",560003,28.761238,142.099385,2.8,upi,pending,,280.0,2025-07-21T09:25:33.894902,,+916363547255,False
99b856b3-dc6f-4db0-b5da-ecd831375790,Steven Underwood,"42841 Teresa Points, West Michaelfort, NH 42382",700003,49.630600,87.663579,2.17,cod,pending,,217.0,2025-07-21T09:25:33.895253,,+916363547255,True
cfe094d8-1f6e-45ac-84a3-3afe874ec55b,Douglas Morales,"506 Maria Fields Apt. 381, West Matthew, OH 28835",700003,8.089814,83.325702,1.49,upi,paid,,149.0,2025-07-21T09:25:33.895606,,+916363547255,True
3b545f1a-0179-4a52-b9e8-4ba4a036477b,Julie Ramos,"158 Hunter Knoll Apt. 306, North Rodney, VT 59361",600003,77.567888,48.598114,2.86,upi,pending,,286.0,2025-07-21T09:25:33.895992,,+916363547255,True
058d28a1-84b5-4d66-8f7a-a12de5c35420,James Martin,"34771 Brandon Mountains Suite 291, Farleystad, CA 40807",110003,-57.136667,41.128225,0.69,prepaid,pending,,69.0,2025-07-21T09:25:33.896380,,+916363547255,False
dd5add6a-2fcb-4604-b70b-c6c0cdde9954,Juan Merritt,"USCGC Cunningham, FPO AP 83834",110001,-30.950534,-173.978965,4.33,upi,failed,,433.0,2025-07-21T09:25:33.896660,,+916363547255,True
9ba12942-1a1e-4da6-ba74-53965628cba3,Gregory Moore,"136 Ashley Lane Apt. 855, East Jeffreyfurt, MD 06591",110001,-15.041090,12.197556,1.17,prepaid,failed,,117.0,2025-07-21T09:25:33.897014,,+916363547255,False
3a276191-16a8-4518-9d3f-683b5f6eadd1,Jennifer Williams,"78547 Erik Mission Suite 977, North Edwardbury, IL 11230",400003,57.543834,113.929566,2.7,upi,failed,,270.0,2025-07-21T09:25:33.897385,,+916363547255,True
80a6bc79-06fe-4aa9-8c6f-e14e912d73a5,Carla Martinez,"39261 James Club, West Janetview, PR 67337",560002,71.819975,2.221888,2.7,cod,failed,,270.0,2025-07-21T09:25:33.897763,,+916363547255,True
b9533330-8ac0-43ad-a1b6-5dac05040631,Sophia Bell,"8354 Tanner Squares, Glasshaven, NE 46139",560003,64.282940,-66.358316,3.42,cod,failed,,342.0,2025-07-21T09:25:33.898143,,+916363547255,False
32080745-7a74-467d-a8f4-2f63a83e8b75,George Suarez,"690 Patrick Hollow, Pagefurt, WV 40324",600001,49.336168,-120.295805,4.15,upi,pending,,415.0,2025-07-21T09:25:33.898513,,+916363547255,True
bd1c6187-650b-46e5-88a2-8b4320cebf63,Hannah Wilson,"301 Lynn Manors Apt. 528, Andersonside, AR 72226",560002,-13.024404,-6.266241,4.09,prepaid,paid,,409.0,2025-07-21T09:25:33.898899,,+916363547255,True
ae8539d8-edee-472e-8a19-76c35a5cf363,Frank Dickson,"7553 Wood Via Apt. 020, Contrerasport, NC 70896",560002,76.715822,2.653268,0.73,upi,pending,,73.0,2025-07-21T09:25:33.899308,,+916363547255,False
96d6767e-1762-4e80-b3ae-e1841c9a2725,Dr. John Holland,"313 Lowe Pines Apt. 967, Charlesland, WY 54658",560002,-28.388564,37.190711,3.94,upi,failed,,394.0,2025-07-21T09:25:33.899698,,+916363547255,True
e1bee847-2d05-4058-954f-3e0c24c50d03,Zachary Dalton,"Unit 7343 Box 3449, DPO AE 76181",400003,-7.654154,158.247292,4.98,prepaid,failed,,498.0,2025-07-21T09:25:33.899897,,+916363547255,False
799ebd25-94ba-4339-9f5c-157b9b8ba291,Elizabeth Rogers,"95791 Stephen Pines, New Larryburgh, UT 61315",600002,-41.372290,157.216810,4.78,cod,pending,,478.0,2025-07-21T09:25:33.900254,,+916363547255,False
a1886562-e219-4726-8889-9a81d96ddb4a,Rachael Fox,"25725 Gregory Key, Rodriguezland, CT 13860",700003,71.839866,-81.678918,2.21,prepaid,pending,,221.0,2025-07-21T09:25:33.900840,,+916363547255,False
6c767b1a-0f79-4e77-917d-826b31444074,Kevin Buck,"PSC 0458, Box 6890, APO AA 34813",600002,49.754994,162.332929,3.27,prepaid,failed,,327.0,2025-07-21T09:25:33.901233,,+916363547255,False
c98d7e3a-4695-402f-b1dc-eb55bc1385ff,William Figueroa,"5200 Eric Freeway, Port Sheryl, KY 83084",700001,37.891544,-47.500520,2.37,cod,failed,,237.0,2025-07-21T09:25:33.901659,,+916363547255,True
764d088a-a038-4825-8394-bf27e2934644,Leslie Pierce,"7265 Sarah Spring, Robinsonmouth, HI 10395",400002,84.125798,10.876171,3.97,cod,failed,,397.0,2025-07-21T09:25:33.902061,,+916363547255,False
7ac4759e-e9a0-47c9-a0b0-a5983d9956e7,Joshua Mills,"40820 Chang Lights, Lake Joemouth, VA 46385",110003,40.132012,-160.866893,2.43,upi,paid,,243.0,2025-07-21T09:25:33.902631,,+916363547255,True
252f8b46-a22c-4501-a80c-68404f07cd1b,Debra Miller,"74126 Kimberly Curve, Knighttown, OH 93994",400001,3.757448,-110.081673,3.29,cod,failed,,329.0,2025-07-21T09:25:33.903054,,+916363547255,False
fb0e6675-cd9d-41bb-968c-86ebb46cad8e,Cindy Harris,"47324 Moreno Manor, Aprilmouth, AZ 14343",560001,-27.881195,33.030670,3.95,upi,pending,,395.0,2025-07-21T09:25:33.903450,,+916363547255,False
5977ac22-c2a4-44c8-9919-4573988d2cba,Ryan Smith,"298 Brittany Isle, Lake Lori, HI 05686",700002,-57.178156,13.655480,1.34,upi,paid,,134.0,2025-07-21T09:25:33.903806,,+916363547255,False
9aaffdf1-499e-4a68-90a9-10a8f57a270f,Beverly Bridges,"32096 Lambert Crescent Apt. 388, West Ruth, ND 04609",560001,78.234290,-67.473749,0.73,upi,pending,,73.0,2025-07-21T09:25:33.904202,,+916363547255,False
b7761b93-52bf-4bed-b0b6-87025d675c3e,Andrea Ramos,"107 Crystal Corner Suite 978, East Blake, PR 72570",600003,24.418213,-126.322251,2.96,upi,paid,,296.0,2025-07-21T09:25:33.904561,,+916363547255,True
9e33935f-a297-4058-89b3-83985207a3b9,Helen Davis,"8411 Paula Knoll Apt. 086, Port Jeffreyside, SD 10061",600002,-77.756542,64.611949,0.56,prepaid,failed,,56.0,2025-07-21T09:25:33.904925,,+916363547255,False
0dd99578-590a-4ed6-b3d4-b0e4f06a6fa0,Jenny Strickland,"95786 Barron Ranch, West Jessica, AS 25437",700002,-2.426250,-148.470508,3.31,cod,paid,,331.0,2025-07-21T09:25:33.905315,,+916363547255,True
2f002dea-f378-42e8-95cd-42aa90ad5b22,David Henderson,"93757 Kevin Falls Suite 090, Joseborough, OR 25735",700002,-48.628232,156.750422,1.26,prepaid,pending,,126.0,2025-07-21T09:25:33.905685,,+916363547255,False
674599b1-a330-4d5c-9177-2bdb58290237,Cheryl Rubio,"69982 Thompson Springs Suite 299, North Daniel, TX 26360",560001,-47.141596,-107.345433,1.84,prepaid,paid,,184.0,2025-07-21T09:25:33.906100,,+916363547255,False
97453156-ffaa-4180-a3a1-678f2f1202ea,Tanya Gonzalez,"7402 Frey Field Suite 792, East Kennethfort, GA 03065",700001,-62.778574,-170.575767,4.17,cod,failed,,417.0,2025-07-21T09:25:33.906551,,+916363547255,True
29a59908-5f52-4515-b47f-c9624dd81845,Angel King,"6794 Mccoy Course, Robertsville, IL 04301",400001,-83.732634,-134.565323,3.77,upi,pending,,377.0,2025-07-21T09:25:33.906961,,+916363547255,True
e64db380-81a7-41c3-ab54-4989e537def1,Michael Lewis,"USNS Cook, FPO AA 68676",560002,46.514709,-52.088190,4.18,upi,failed,,418.0,2025-07-21T09:25:33.907244,,+916363547255,True
02745460-af4d-494c-b2ee-001ae7fc41cf,Jason Lee,"9702 Katie Heights Suite 136, New Robertview, MO 73757",110003,-12.587478,64.776762,3.94,prepaid,pending,,394.0,2025-07-21T09:25:33.907610,,+916363547255,False
a52e2978-70c1-4cbd-b38a-a053e37fa130,Jeff Sandoval,"07235 Jimenez Camp, Moodyhaven, MT 25019",560001,2.147167,92.148267,1.39,prepaid,pending,,139.0,2025-07-21T09:25:33.908015,,+916363547255,False
b105528e-8a15-473e-98f3-14d951da076c,Curtis Hoffman,"6037 Mary Center Apt. 293, Whiteview, AS 01527",110002,-8.295909,-30.354370,3.13,cod,pending,,313.0,2025-07-21T09:25:33.908403,,+916363547255,True
f2347528-b9da-4016-9bc4-ee952f1dc9f5,Michelle Cherry,"USNS Smith, FPO AA 59262",600002,14.150270,-109.622197,4.86,cod,pending,,486.0,2025-07-21T09:25:33.908688,,+916363547255,False
7f118f4c-2e09-4698-97c7-fdf2ea835f18,James Hunter,"124 Mcdaniel Oval Suite 579, Mitchellburgh, AK 38413",700001,62.358064,78.797505,1.27,prepaid,failed,,127.0,2025-07-21T09:25:33.909077,,+916363547255,False
83d1e29e-c482-4073-a776-315120837b13,Aaron Hunter,"2110 Lee Common Apt. 830, Ramseyport, MD 57828",600002,76.397614,-23.883109,3.78,prepaid,failed,,378.0,2025-07-21T09:25:33.909497,,+916363547255,True
96498796-4b83-434b-a648-3cfadf972c8c,Scott Hobbs,"Unit 8861 Box 8532, DPO AA 37472",560003,81.015354,-20.990701,1.25,cod,paid,,125.0,2025-07-21T09:25:33.909699,,+916363547255,False
a98672f7-7094-49da-ae7c-254eb47e2594,Tyler Pittman,"71823 Courtney Stream, Port Denise, MH 23749",110003,-75.298186,153.777988,3.72,cod,failed,,372.0,2025-07-21T09:25:33.910048,,+916363547255,False
c93769eb-216e-4248-b925-73f7ad6ed219,Gerald Williams,"USNS Hull, FPO AA 15923",600001,72.766387,-57.150537,3.79,cod,paid,,379.0,2025-07-21T09:25:33.910328,,+916363547255,True
86965c36-15a1-4b87-9c61-799395645d6e,Gina Jackson,"58932 Guzman Trail, Martinezville, TN 94554",700002,80.924822,-47.812449,2.5,cod,paid,,250.0,2025-07-21T09:25:33.910735,,+916363547255,False
4b1ad70a-6663-48cf-9568-d1b833fadfc3,Carla Brown,"424 Shari Springs Suite 999, East Maria, VA 50056",400002,-7.733210,-153.633686,3.42,cod,failed,,342.0,2025-07-21T09:25:33.911095,,+916363547255,True
185304cf-6818-443f-8ea9-f3723deaaf19,Adam Williams,"2928 Erin Village Suite 972, East Jason, AR 14667",400003,-73.122788,-82.984069,1.38,upi,pending,,138.0,2025-07-21T09:25:33.911450,,+916363547255,True
1f2a91cc-e028-4280-8087-2e2dd0dfdbaf,Elizabeth Hill,"7378 Patricia Lakes Apt. 180, New Laurenton, CA 30974",700002,58.672837,-160.408611,3.8,upi,pending,,380.0,2025-07-21T09:25:33.911817,,+916363547255,False
ee59cf86-6459-441c-a6c6-9bedc4f9fc66,Robert Barrera,"6949 Smith Pine, Coleview, PR 99617",560003,32.895071,-55.698627,2.74,upi,paid,,274.0,2025-07-21T09:25:33.912220,,+916363547255,False
27707050-5472-4447-b4db-ff44cff337af,Micheal Gonzalez,"1007 Hines Views Apt. 305, Paynefurt, LA 73443",110003,24.457348,57.302151,1.92,prepaid,pending,,192.0,2025-07-21T09:25:33.912633,,+916363547255,True
98e355d2-7f81-4609-973f-4a882753c29d,Summer Sanchez,"8001 Mills Plains Apt. 193, Lake Racheltown, CT 19628",400003,-64.832982,81.969988,3.94,cod,pending,,394.0,2025-07-21T09:25:33.913027,,+916363547255,True
d78debdc-67de-4e84-a955-bb13fd2daaf7,Paul Lewis,"7038 Carroll Points, North Jessica, MO 48040",600001,-57.207571,-30.035467,2.86,cod,paid,,286.0,2025-07-21T09:25:33.913421,,+916363547255,True
5d1457a8-16d8-4357-888b-8e702052555b,Justin Becker,"2217 Anna Curve Apt. 789, Lake Susanmouth, WA 76323",700001,-52.918246,-161.620834,4.23,cod,paid,,423.0,2025-07-21T09:25:33.913789,,+916363547255,True
fe0917f3-875a-4ded-882d-be0f972cb383,Pam Valdez,"2056 Jackson Row, Chadtown, AS 02039",400002,-67.453916,167.700986,2.52,cod,failed,,252.0,2025-07-21T09:25:33.914139,,+916363547255,True
edfbbeae-6484-4311-8f5b-1b13b9e114b0,Thomas Simmons,"9844 Christopher Locks Suite 227, Catherinechester, CA 24648",600002,-13.726582,-101.346592,2.8,upi,pending,,280.0,2025-07-21T09:25:33.914501,,+916363547255,False
e7c77f56-bf18-40d1-8b28-2e1e60b44cc2,Jessica Good,"163 Katrina Haven, Johnsonberg, MI 18639",110001,65.428904,-113.118902,1.65,prepaid,paid,,165.0,2025-07-21T09:25:33.914878,,+916363547255,False
31c8373d-3489-46d6-81ae-3d09bd74c929,Kayla Jimenez,"0448 Miller Ferry, Morganborough, AR 97634",400003,-88.485224,-26.391352,1.97,cod,pending,,197.0,2025-07-21T09:25:33.915283,,+916363547255,True
43212d2e-4725-4076-9592-bd2d8e1c8d30,Bonnie Cook,"53156 Bryan Alley, West Luisport, SD 28116",560002,8.333824,160.051514,4.46,cod,paid,,446.0,2025-07-21T09:25:33.915630,,+916363547255,True
0b5c1d2f-34c3-4db7-9553-2ee1723808d4,Brittany Sandoval,"058 Joan Summit, Cannonfort, WI 75608",700003,-63.185524,0.090037,4.5,cod,pending,,450.0,2025-07-21T09:25:33.916007,,+916363547255,False
372b0124-ee9f-435f-838d-00a3ffced1ed,Peter Butler,"USNV Ayers, FPO AA 24562",700002,60.814576,-167.712160,3.67,upi,paid,,367.0,2025-07-21T09:25:33.916295,,+916363547255,False
9b2b07b0-4cfc-449c-9aec-b4aa425ecdcc,Kenneth Taylor,"23003 Crystal Trace Apt. 695, Douglasville, NC 85603",600001,5.089594,-80.141957,1.88,prepaid,pending,,188.0,2025-07-21T09:25:33.916654,,+916363547255,True
273dc2e7-0c1e-4773-b821-a69c3fbc8e48,Pamela Rodriguez,"344 Ramirez Mission, North Chelseaton, PR 96202",600001,35.324650,-158.516128,4.1,cod,paid,,410.0,2025-07-21T09:25:33.917034,,+916363547255,True
6a8773ef-5f2a-4543-b567-ce1020caeb29,Donald Flowers,"0248 Mark Creek Suite 378, Masonview, UT 64560",600003,-14.577578,-125.183978,3.6,cod,failed,,360.0,2025-07-21T09:25:33.917702,,+916363547255,True
39500033-2675-441c-9c5a-cfe03523a136,Ray Burch,"7577 Cathy River, Elliottberg, NC 46818",700003,29.721354,-13.391408,3.25,prepaid,pending,,325.0,2025-07-21T09:25:33.918185,,+916363547255,True
a543edec-92a7-4a76-878f-bfc19324ea78,James Foley,"83536 Samuel Plaza Apt. 716, East Matthew, MH 88090",560001,34.332469,127.658841,0.8,prepaid,pending,,80.0,2025-07-21T09:25:33.918569,,+916363547255,True
28507d98-1755-4664-a283-eefedf4fafdc,John Robbins,"99583 Kevin Run, Deborahton, WA 81561",400002,-11.986292,-85.145988,1.11,upi,pending,,111.0,2025-07-21T09:25:33.918998,,+916363547255,True
82b253a2-1718-48e5-9990-8113c1e1d2da,Kathryn Hines,"203 Garcia Ranch Apt. 758, Lake Peter, MT 54403",110002,-56.794775,151.302337,1.67,prepaid,failed,,167.0,2025-07-21T09:25:33.919410,,+916363547255,True
f3a39595-4156-477e-82af-5c8b3b276bb0,Jacqueline Davis,"59411 Delacruz Dam Suite 042, Tiffanyville, MD 76040",560002,49.728754,-120.459987,2.93,prepaid,pending,,293.0,2025-07-21T09:25:33.919810,,+916363547255,True
55070a86-44c3-4303-9291-cb4eb9f68ffe,Anna King,"4212 Brad Cape Suite 817, North Monica, OR 64223",400002,43.935463,0.152273,2.0,upi,paid,,200.0,2025-07-21T09:25:33.920173,,+916363547255,False
58752186-c4f2-41d5-aeab-f3c1af441a4a,Joyce Gutierrez,"613 Jerry Shoals, Lake Rebecca, IN 81711",700001,-31.918458,90.508263,2.7,prepaid,failed,,270.0,2025-07-21T09:25:33.920529,,+916363547255,True
046898fc-9ffd-48c9-bb8d-322a46d38534,Sarah Graham,"0478 Reed Club, Armstrongton, MA 44677",110002,-44.849302,-105.069444,2.06,prepaid,failed,,206.0,2025-07-21T09:25:33.920945,,+916363547255,True
bd1d220a-3c92-4920-a7f9-2e50dbab450f,Karina Davis,"847 Smith Prairie Apt. 502, East Arthurside, DC 06505",700003,-10.874552,-89.336522,3.66,cod,failed,,366.0,2025-07-21T09:25:33.921349,,+916363547255,False
fb0c53a4-31da-412f-9b0f-4c96ebcbc52d,Cynthia Robinson,"92126 Jose Springs, North Michaelhaven, MI 86154",110003,-85.879523,-122.360806,2.02,prepaid,failed,,202.0,2025-07-21T09:25:33.921709,,+916363547255,True
e7a21ef4-cbd2-422a-aae6-756cabf0bcac,Brian Hill,"034 Cherry Turnpike Apt. 136, West Angelastad, NJ 63765",560002,-63.522178,147.235690,1.1,upi,failed,,110.0,2025-07-21T09:25:33.922370,,+916363547255,False
da70ad45-23fe-4245-8a69-8e8344437d06,Heather Vazquez,"4838 Taylor Crossroad, South Johnmouth, MN 74707",700002,-36.542590,-102.449298,2.73,cod,paid,,273.0,2025-07-21T09:25:33.922938,,+916363547255,True
1caf67ad-5c5e-4b4e-abc9-3fb5969a6601,Dustin Jackson,"794 Smith Crest Apt. 791, Lake Jessica, MA 32446",700003,10.231834,-97.893972,2.13,cod,pending,,213.0,2025-07-21T09:25:33.923350,,+916363547255,False
01f29a99-e2c4-4ada-930a-574bff3e3401,Ryan Schroeder,"725 Kimberly Unions Apt. 873, South Eric, CT 61417",400001,-22.876842,-177.072165,3.08,upi,pending,,308.0,2025-07-21T09:25:33.923714,,+916363547255,False
eeda0923-5dce-4ee1-b0c4-e8be601a5375,Angela Holland,"504 Mcintosh Junctions Suite 689, Garciaberg, TX 10102",560003,74.238364,-27.438392,1.28,cod,failed,,128.0,2025-07-21T09:25:33.924170,,+916363547255,False
b265d4df-ee41-409b-a26b-847b80cefae5,Anita Shaw,"2334 Mendoza Mill, Nelsonberg, ME 71549",600003,-69.470522,-96.884276,1.46,prepaid,failed,,146.0,2025-07-21T09:25:33.924586,,+916363547255,True
0f8656ab-e9de-4b25-bed4-54e542998e09,Kari Wells,"758 Hall Cape Apt. 565, Tyronemouth, WA 86691",560002,-8.181460,-160.133125,1.56,prepaid,paid,,156.0,2025-07-21T09:25:33.924989,,+916363547255,False
df4a7d93-4f31-468d-87ad-34a8d303e260,Deanna Smith,"5314 Anne Rest Apt. 122, Port Lauratown, MD 61426",700001,87.244118,7.733265,2.08,cod,paid,,208.0,2025-07-21T09:25:33.925357,,+916363547255,False
8ffe83cd-6421-43de-991d-764ad111bd92,Amy Johnson,"69467 Reed Square Apt. 616, Port Nicholas, RI 87023",700001,-61.269974,122.189470,1.24,cod,failed,,124.0,2025-07-21T09:25:33.925746,,+916363547255,False
e26a5d51-5704-49ab-9220-da90d0c648fa,Mrs. Kelly Mcdonald,"15135 Sharon Mill Apt. 649, Coxview, MO 22416",700002,-85.118295,33.005141,0.53,prepaid,paid,,53.0,2025-07-21T09:25:33.926148,,+916363547255,False
d2a1cbea-e11a-41bc-8e4f-cc817d856365,Melody Murillo,"4559 Brown Loaf, Campbelltown, VI 67800",110003,71.844651,-28.995871,4.96,cod,failed,,496.0,2025-07-21T09:25:33.926562,,+916363547255,True
e051917c-3f21-4bb5-81ea-9cee042998ea,David Freeman,"PSC 8858, Box 2470, APO AA 46632",700001,36.038812,120.826808,1.12,prepaid,failed,,112.0,2025-07-21T09:25:33.926765,,+916363547255,True
7ff90697-bc7d-4b6d-9577-2b4a651291ab,Courtney Potter,"22325 Austin Mountains, East Michael, HI 85814",600002,-60.342939,171.048615,1.47,prepaid,pending,,147.0,2025-07-21T09:25:33.927145,,+916363547255,False
9023fbf7-d318-44e1-a8da-730275a2b473,Lynn Nelson,"6835 Lopez Circles Apt. 499, Michaelview, HI 11458",560002,15.565744,-99.043853,3.97,upi,paid,,397.0,2025-07-21T09:25:33.927534,,+916363547255,False
b818d835-9887-4c5c-8aa6-4048820ae4b4,Megan Newton,"60291 Matthew Vista, Port Lori, NJ 35481",700001,13.142470,-101.823417,1.4,cod,failed,,140.0,2025-07-21T09:25:33.927884,,+916363547255,False
dcba8ca8-4b18-46e5-aff1-fabd7ea6087f,Jamie Phillips,"117 Sandra Points, Alecfurt, PA 06670",700002,41.416908,35.862959,4.16,cod,failed,,416.0,2025-07-21T09:25:33.928233,,+916363547255,False
898438d4-87dd-487b-a39a-3e9d8e130218,Mary Perez,"174 Williams Route, West Taraview, KY 05283",400001,-10.863632,20.297934,4.05,cod,failed,,405.0,2025-07-21T09:25:33.928620,,+916363547255,False
76b619da-384d-477d-9435-42df002b8e9e,Michael Schroeder,"8805 Duffy Streets, Woodfurt, MP 54155",700001,-63.699898,-170.290099,2.99,upi,pending,,299.0,2025-07-21T09:25:33.929037,,+916363547255,False
b3018a96-135c-4107-8377-d7ee6b31fa6e,Brenda Collins,"92984 Carolyn Meadows, Nicholsonside, PA 17011",400002,4.453546,-9.019169,4.52,cod,paid,,452.0,2025-07-21T09:25:33.929419,,+916363547255,True
439153b3-c401-4a72-a1f2-65eb8ee3dca5,Richard Ramos MD,"06628 Graham Avenue Apt. 303, New Jaimeland, NE 68176",110002,-59.167370,122.370414,0.86,upi,paid,,86.0,2025-07-21T09:25:33.929815,,+916363547255,False
87b3fa30-9135-49ea-b4c4-fb5637f43d0f,Heather Stevens,"PSC 5198, Box 5044, APO AE 65501",700001,74.790509,-147.503411,3.5,upi,failed,,350.0,2025-07-21T09:25:33.930018,,+916363547255,True
e83d1108-11f7-4bc1-a6d7-72f49a47fa07,Richard Hoffman,"1026 Angel Ranch Apt. 805, Martinburgh, FM 02748",560003,31.625181,112.510923,2.41,upi,paid,,241.0,2025-07-21T09:25:33.930402,,+916363547255,False
df50bf9e-94de-429b-9486-2c1a390e85e9,Richard Mitchell,"360 Brianna Cove, Torresshire, LA 41605",400002,69.104856,-53.791502,3.28,upi,failed,,328.0,2025-07-21T09:25:33.930776,,+916363547255,True
7652f1c5-5e38-4c4b-bbb3-a207c50831f4,James Sandoval,"84041 Woodward Street Apt. 950, South Michelle, IL 37557",600003,45.956024,145.148061,3.51,upi,paid,,351.0,2025-07-21T09:25:33.931160,,+916363547255,False
d84caccb-58be-45ee-9c37-fa025b79f492,Jamie Nguyen,"8375 Conley Mount Apt. 975, Kennethmouth, KS 87662",400001,3.054829,-34.763121,1.02,prepaid,failed,,102.0,2025-07-21T09:25:33.931543,,+916363547255,False
107caa16-7f97-4664-97ff-0f0055443903,Angela Hanson,"636 Sean Harbors, Michelleberg, KS 60124",400003,55.604234,169.259080,0.53,prepaid,pending,,53.0,2025-07-21T09:25:33.931895,,+916363547255,True
6cedf8b3-ff3c-4b0f-b161-a92d49d8b91f,Katelyn Williams,"91291 Nancy Flats Apt. 005, Tiffanyhaven, MH 66956",400002,65.574003,-80.678804,3.06,cod,pending,,306.0,2025-07-21T09:25:33.932254,,+916363547255,True
ebd32721-fada-444f-af52-489549ea02de,Mrs. Virginia Wyatt DVM,"7800 Wood View Apt. 968, Codyhaven, TN 01030",560002,26.031459,118.879533,0.65,prepaid,pending,,65.0,2025-07-21T09:25:33.932654,,+916363547255,False
614dead0-cd0e-4fa4-aac3-535eed33eef6,Kevin Ramos,"49270 Sarah Garden, North Patrickbury, KS 15829",560002,-35.537898,20.674021,2.95,cod,paid,,295.0,2025-07-21T09:25:33.933004,,+916363547255,False
d21158fb-95d1-422a-a731-a7f196f62e6d,Derrick Johnson,"8580 Lisa Drives Apt. 209, Jennifermouth, NM 37378",560001,-3.808831,-116.448255,1.62,prepaid,failed,,162.0,2025-07-21T09:25:33.933357,,+916363547255,False
0a557743-e44c-45a2-b38a-8e6eba442a40,Tami White,"64445 Nash Creek, Josephtown, RI 99533",600002,-78.966208,96.343877,2.64,cod,paid,,264.0,2025-07-21T09:25:33.933747,,+916363547255,False
c7b07297-5faf-49e9-bae8-eb7617932872,Kathleen Davis,"6581 Kirk Shores, Deannachester, MT 11212",560002,-40.056714,17.189319,3.71,upi,paid,,371.0,2025-07-21T09:25:33.934521,,+916363547255,False
27278a68-7a54-4a92-8ea1-b748996f6bde,Laurie Ward,"7519 Darlene Flats Apt. 248, Lake Paul, VA 44581",110003,-67.277367,-76.111123,2.01,prepaid,pending,,201.0,2025-07-21T09:25:33.935276,,+916363547255,True
fa0b98f1-e8a5-4278-be0b-87b3a84e89a2,Alisha Jackson,"77081 Jasmine Club Suite 884, West Melissafurt, NM 68004",110003,61.352292,87.190687,3.44,cod,paid,,344.0,2025-07-21T09:25:33.936043,,+916363547255,True
6a65bb72-cc16-41ef-b427-3d305a8ce17d,Charles Washington,"2227 Chavez Fork, Erikachester, MI 97233",110003,16.004159,-15.485270,1.98,cod,failed,,198.0,2025-07-21T09:25:33.936819,,+916363547255,True
ca073a42-464c-45b0-8666-0a28e05d62b4,Gregory Rosales,"66886 Moore Causeway Suite 730, Jamesshire, MI 19975",700001,25.094542,64.850941,1.23,cod,pending,,123.0,2025-07-21T09:25:33.937672,,+916363547255,True
5f70d280-14dd-4f81-af23-7378753d487c,Steven Wright,"66196 Ramos Stravenue Apt. 012, New Kevin, MN 08614",110002,-67.524044,-17.565132,4.91,upi,paid,,491.0,2025-07-21T09:25:33.938526,,+916363547255,True
91978866-e05e-4c20-8640-6f9dca72ab25,Gina Cross,"Unit 5857 Box 5127, DPO AE 20796",110002,-22.890896,103.578586,2.72,cod,pending,,272.0,2025-07-21T09:25:33.938956,,+916363547255,True
2b96cd08-fe87-4e0d-a774-910acb147204,Tiffany Tyler,"12947 Maria Oval, New Davidside, ND 94864",400003,73.204754,-51.324559,3.36,cod,pending,,336.0,2025-07-21T09:25:33.939684,,+916363547255,True
692d89b2-0ee8-4427-aabe-88474942eb4d,Chloe Butler,"24733 Carlos Drive, North Ashley, WY 57791",110001,42.162268,-32.378932,4.63,cod,failed,,463.0,2025-07-21T09:25:33.940428,,+916363547255,False
c72cd5a7-ef41-4d13-9e8d-c3de3acbacc3,Susan Kim,"37849 Martin Points, Burtonport, ME 18046",400001,6.080060,-128.483226,2.78,cod,pending,,278.0,2025-07-21T09:25:33.941278,,+916363547255,True
65150af9-798d-4e49-bf4d-ddef2fff22aa,Kenneth Miller,"32006 Williams Garden Suite 233, South James, FL 35999",600002,-22.451064,-138.410701,2.38,upi,failed,,238.0,2025-07-21T09:25:33.942082,,+916363547255,True
bea76b2d-fd52-4abf-a613-cb1f08e3e269,Melinda Griffin,"298 Matthews Well, Heathstad, ND 08603",400001,56.776960,-159.708986,0.81,cod,pending,,81.0,2025-07-21T09:25:33.942917,,+916363547255,True
40696dd7-ca98-409f-a147-4df0198865e3,Danielle Freeman,"6974 Mitchell Spur, New Samuelbury, WA 07285",110002,84.729770,4.323869,2.75,cod,pending,,275.0,2025-07-21T09:25:33.943705,,+916363547255,False
5e6134e6-d331-4324-abeb-3928fd4e0e9d,David Russell,"96930 Monroe Place Apt. 252, South Cassandraview, KY 37822",110002,-89.360786,-65.306655,3.14,prepaid,paid,,314.0,2025-07-21T09:25:33.944512,,+916363547255,False
6365a70b-3aff-4801-bb47-a3faab4da9b5,Thomas Perez,"783 Melissa Inlet, East Ashleyborough, NH 13914",700001,7.089832,-115.105304,2.88,upi,failed,,288.0,2025-07-21T09:25:33.945267,,+916363547255,False
6cc8793e-efa1-4f89-b9d5-6ea370bd1cae,Michelle Sanchez,"1951 Denise Rapid Suite 796, Emilystad, AK 16919",560003,24.958454,55.113689,3.21,cod,paid,,321.0,2025-07-21T09:25:33.946025,,+916363547255,True
df68fa49-d800-4105-92b5-19bd848af31a,Amber Chapman,"32336 Jackson Pines Apt. 416, Clarkville, IL 02527",400003,47.504343,93.704761,2.4,upi,pending,,240.0,2025-07-21T09:25:33.946888,,+916363547255,False
bae6751c-7a67-4fc8-937b-e7c85e052de0,Katelyn Lynch DDS,"57815 Kimberly Shoal Apt. 293, West Michaelville, NE 40164",110003,7.863750,-171.705314,0.93,prepaid,failed,,93.0,2025-07-21T09:25:33.947669,,+916363547255,False
34fb2b6f-c5e1-474e-84a2-44e27e8dd29b,Douglas Anderson,"8620 Alyssa Squares Suite 115, New Danielmouth, ME 05671",560002,52.929441,-13.053069,1.72,upi,failed,,172.0,2025-07-21T09:25:33.948429,,+916363547255,False
1aa05e17-69a6-4096-82ef-1bca043bca15,Brian Cline,"21568 Debra Pass Apt. 939, New Phillip, DC 83948",400002,37.593688,-36.508644,4.3,cod,failed,,430.0,2025-07-21T09:25:33.949334,,+916363547255,True
97c3bfd2-e4c5-40e5-bcd1-1b76df021193,Tiffany Le,"7249 Romero Radial Suite 157, East William, VI 39751",600003,66.193484,152.434054,1.73,upi,paid,,173.0,2025-07-21T09:25:33.949765,,+916363547255,True
e4b00961-b5d7-4882-b87f-0a0170fd8d42,Haley Snyder,"32477 Juan Lakes, East Troyburgh, CT 14353",560001,32.414612,164.709850,2.17,upi,pending,,217.0,2025-07-21T09:25:33.950137,,+916363547255,False
d590d541-86ed-4293-bee1-891ecb74ec3d,Gerald Yu,"47240 Alexis Streets Suite 768, Lake Arthur, CA 30621",560002,-68.502042,159.355267,2.82,prepaid,pending,,282.0,2025-07-21T09:25:33.951469,,+916363547255,False
b5de65c9-ea0d-41fa-8b40-323ffd873f3e,Jose Brady,"736 Tran Ports Suite 311, North Kathleenshire, PW 79333",400002,-86.024069,-90.603666,4.13,upi,failed,,413.0,2025-07-21T09:25:33.952256,,+916363547255,False
e0987b69-3e34-44e1-9078-0ec6c1ab60a7,Samantha Allison,"293 Jones Corner Apt. 826, Raymouth, WY 78932",600002,87.761958,-147.905541,4.21,cod,paid,,421.0,2025-07-21T09:25:33.953142,,+916363547255,False
d889dc16-68be-491b-b947-759aee5b0efc,John Martin,"6629 Sullivan Coves, Lake Shelleyview, AR 19385",110003,-81.363710,-16.858166,1.85,prepaid,pending,,185.0,2025-07-21T09:25:33.953931,,+916363547255,False
927e3976-7791-4cad-808a-002f38dde1d7,Angela Miller,"472 Kim Station, Debratown, PR 67332",400001,78.086704,66.407518,1.02,cod,pending,,102.0,2025-07-21T09:25:33.954870,,+916363547255,False
877452ad-f773-4c9a-a597-b6fc29fd1067,Marvin Pruitt,"9971 Diana Pass Apt. 809, Morrisborough, KS 72256",110002,25.988413,-9.184453,1.74,upi,failed,,174.0,2025-07-21T09:25:33.955679,,+916363547255,True
219a1b42-a0ca-4354-91ed-3d1598be331d,Cameron Smith,"87759 Nancy Greens Suite 557, Carlsonmouth, NC 80000",700001,-9.524274,-61.885424,2.23,cod,failed,,223.0,2025-07-21T09:25:33.956481,,+916363547255,True
2268350f-dc0a-4e3e-8837-8cad9e269bc9,Lacey King,"600 Anthony Trail Suite 037, Charlesfort, CO 40758",110001,70.299100,105.930043,2.32,cod,pending,,232.0,2025-07-21T09:25:33.957316,,+916363547255,False
ab1919f0-9f75-484c-88fa-e27d30d5f38d,Nathan Lawson,"3818 Christensen Village, West Laurie, VI 87014",560003,-42.735042,159.392350,2.93,cod,paid,,293.0,2025-07-21T09:25:33.958367,,+916363547255,False
a5bb39b6-1f96-47b4-a682-8d23d6211d7f,Chelsea Rivera,"USNS Galloway, FPO AA 80128",600003,5.166990,16.927388,0.92,cod,failed,,92.0,2025-07-21T09:25:33.959129,,+916363547255,False
2e6dc60e-360f-4064-aa90-38e1f1d96c47,Samuel White,"01882 Andrew Ranch Apt. 203, South Jackport, NH 67272",700003,42.472358,-165.476599,0.72,upi,paid,,72.0,2025-07-21T09:25:33.959808,,+916363547255,True
ccb2ecaa-fb5b-4d4c-9ae4-6df026ad7e1d,Taylor Rodriguez Jr.,"93323 John Camp Suite 888, Port Lauren, MS 14061",400002,27.123018,-87.769365,4.79,upi,failed,,479.0,2025-07-21T09:25:33.960285,,+916363547255,True
68713fc9-8227-4a51-b114-83a865cb4ddf,Kristi Small,"11866 Johnson Isle, New Tara, CA 29118",700002,40.043838,10.731881,1.96,upi,paid,,196.0,2025-07-21T09:25:33.960776,,+916363547255,True
ad39fb29-f63b-4c49-8d4d-04fef3df7507,Matthew Green,"PSC 9788, Box 1315, APO AA 43716",400003,-46.236154,-12.751722,1.09,upi,paid,,109.0,2025-07-21T09:25:33.960996,,+916363547255,True
b324b8ce-2205-49c2-899d-9d238f860ee5,James Smith,"09087 Rachel Island Suite 194, Montesshire, NM 73809",400002,40.453574,-61.983047,3.56,cod,paid,,356.0,2025-07-21T09:25:33.961394,,+916363547255,True
12e02416-5a1c-4186-8e79-b6d4280b47d1,Daniel Pierce,"4869 Vasquez Loop, Edwardsshire, MD 64809",560001,-76.004631,48.903398,2.25,cod,failed,,225.0,2025-07-21T09:25:33.961826,,+916363547255,False
666d4fcc-5764-4bcf-8802-d80db0a2a951,Justin Morris,"3599 James Plaza Apt. 441, West Ashleychester, FL 92010",400003,86.955836,140.245334,2.49,upi,pending,,249.0,2025-07-21T09:25:33.962193,,+916363547255,True
a141e9b9-c4e4-4aa4-8c16-608da0fcfe63,Joel Wilson,"094 Benjamin Spur, West Keith, HI 43802",600003,49.946077,-137.887351,3.88,prepaid,failed,,388.0,2025-07-21T09:25:33.962541,,+916363547255,True
bdb376d9-d564-45bb-b2b4-2fc0063cd8a7,Jeffrey Fowler,"874 Wu Valleys Suite 448, East Amandaborough, WY 38952",560003,84.314058,22.256569,2.58,upi,failed,,258.0,2025-07-21T09:25:33.962928,,+916363547255,True
62728389-7a46-498a-8818-9af168d57d6b,Dorothy Mooney,"5810 Lori Valleys Apt. 708, Melissaview, OH 95248",560001,-20.098397,166.380599,3.95,upi,pending,,395.0,2025-07-21T09:25:33.963293,,+916363547255,True
f0b75815-3fa9-47f5-9c95-4c023a55bdae,Kathy Brennan,"7248 Kimberly Union Apt. 245, Butlerhaven, ND 23384",560003,-74.621698,59.648358,1.53,cod,paid,,153.0,2025-07-21T09:25:33.963690,,+916363547255,False
2d35db86-733d-491f-91f1-e55f70af71ba,Joseph Weber,"79703 Rivera Fort, Devinberg, NM 90917",600002,-53.339972,33.764653,4.5,upi,pending,,450.0,2025-07-21T09:25:33.964069,,+916363547255,False
f75c3ee9-30ca-4cc6-b6b8-0d0f30227f88,Chad Johnson,"2990 Garza Rapid Apt. 397, Lopezton, LA 70061",400001,-9.799734,-147.852561,2.79,cod,pending,,279.0,2025-07-21T09:25:33.964478,,+916363547255,True
dfdbb415-c316-4067-bd72-e5d6be36f83e,Gary Allen DDS,"7331 Ritter Street, Smithview, AZ 44492",560001,57.555126,105.961477,4.4,upi,pending,,440.0,2025-07-21T09:25:33.964889,,+916363547255,False
587f1419-f1dd-4145-94d9-8c73db939bae,Jessica Smith,"697 Williams Pine Suite 518, Richardton, HI 12163",600001,32.767300,60.123109,4.08,cod,paid,,408.0,2025-07-21T09:25:33.965273,,+916363547255,False
40a54ca3-9d5e-4dc2-9505-c7bf4ef8de05,Bonnie Lucas,"85538 Nichole Flat, New Carlos, NE 40203",110002,-50.931967,33.006851,3.98,prepaid,pending,,398.0,2025-07-21T09:25:33.965619,,+916363547255,True
5b6cf62e-4848-45a5-826a-828513eea177,Michael Hendrix,"2372 Griffith Loaf Apt. 189, Port Angelamouth, IA 66719",560002,-23.590314,139.091644,2.4,upi,paid,,240.0,2025-07-21T09:25:33.966006,,+916363547255,False
e38e17ed-4132-42df-a5db-1752e13dc50b,Spencer Welch,"958 Beth Fort, Mirandaberg, OR 20866",600001,79.751042,-88.849584,0.67,cod,paid,,67.0,2025-07-21T09:25:33.966377,,+916363547255,False
e4d56f1a-9eb4-4b89-97b3-742c1ea15725,Glenn Carey,"195 Miller View Suite 500, Tracyhaven, MT 05058",600001,44.116872,74.282400,0.63,upi,paid,,63.0,2025-07-21T09:25:33.966763,,+916363547255,True
9594f2eb-7a97-4a46-acc7-b71214bed6bd,Crystal Wilson,"4893 Joseph Cove Suite 347, West Amber, SD 98540",110003,-85.690593,-88.171848,4.26,upi,failed,,426.0,2025-07-21T09:25:33.967498,,+916363547255,True
57bc6c22-0e8f-4e9b-acc2-febbcabf14f9,Jonathan Cooper,"1592 Perez Alley Apt. 014, Lake Eric, MT 14091",110001,78.185384,133.272672,0.54,upi,paid,,54.0,2025-07-21T09:25:33.968545,,+916363547255,True
53b33646-d62a-4ab3-be99-f6951dd9ac84,Kaitlyn Davis,"37988 Stephanie Place, Powellburgh, DE 17642",600001,-30.442146,88.931790,2.24,upi,paid,,224.0,2025-07-21T09:25:33.969340,,+916363547255,False
5dc28fe8-0e6f-43a8-af2e-87fd36308065,Matthew Reed,"8296 Allison Forks Suite 163, East Elizabeth, WI 38388",400002,40.639354,28.039269,4.04,upi,pending,,404.0,2025-07-21T09:25:33.970036,,+916363547255,True
3b85f8e7-8c7f-484b-98d1-054151ddb676,Brandon Williams,"6559 Nicolas Key, Moralesland, FL 53414",700003,62.846062,-167.919960,3.61,upi,failed,,361.0,2025-07-21T09:25:33.970546,,+916363547255,False
11af1d48-8583-46dd-af5f-430744400bac,Kathy Dougherty,"41775 May Isle Suite 771, Port Lauren, KY 90035",560001,89.196554,-166.334522,4.12,prepaid,paid,,412.0,2025-07-21T09:25:33.970991,,+916363547255,True
23d78f99-35c4-4a6c-bf77-454526ae1fa1,Alexander Lowe,"52398 Frazier Tunnel, West Jennifer, NV 26786",400001,-86.436385,127.415386,2.77,upi,failed,,277.0,2025-07-21T09:25:33.971381,,+916363547255,False
579f6418-3dd1-4879-a401-c36dc04f69af,David Perez,"322 Mitchell Throughway Suite 730, New Marc, MP 95565",560002,22.475184,13.360227,3.97,prepaid,failed,,397.0,2025-07-21T09:25:33.971746,,+916363547255,True
3c9c297d-22a1-43f9-8574-bfb2a90c1fa3,Jennifer Murphy,"216 Bryan Centers, Kirbyshire, AZ 89519",110003,-49.982483,113.980432,1.18,cod,paid,,118.0,2025-07-21T09:25:33.972137,,+916363547255,True
f838539b-d209-46cb-9f88-15976113c205,Manuel Perkins,"47785 James Street, North Benjamin, AL 41127",110002,68.994280,-93.642680,3.8,upi,failed,,380.0,2025-07-21T09:25:33.972488,,+916363547255,False
556d098e-fcd0-4cac-a154-f65390f0bbe8,Bryan Smith,"21323 Leon Track Suite 826, Jonesfort, MA 45449",600002,-78.783164,151.033835,0.73,prepaid,pending,,73.0,2025-07-21T09:25:33.972903,,+916363547255,False
a0990841-ed57-4a21-8611-ec359e258a77,Ryan Brown,"35073 Porter Prairie Apt. 946, Bakerborough, UT 42369",560003,54.031860,-11.507747,3.4,prepaid,pending,,340.0,2025-07-21T09:25:33.973320,,+916363547255,True
3f9a8bf0-33c7-4c49-8f7f-0a0213742a95,Steven Lee,"221 Mary Crescent Apt. 703, Jacobburgh, MP 81107",400002,-62.299297,72.492892,0.86,cod,failed,,86.0,2025-07-21T09:25:33.973687,,+916363547255,True
f9aee866-bd7d-4a42-b4f5-b28cfc2b3f8f,Robert Alexander,"3994 Booth Skyway, Peggyville, IA 74244",400002,76.891178,-19.497005,4.6,prepaid,paid,,460.0,2025-07-21T09:25:33.974073,,+916363547255,True
01254275-4c76-4f82-8f6a-16e820537559,Heather Moore,"1382 Jason Road, Christineside, ME 58602",110002,-37.845840,99.661047,1.79,cod,failed,,179.0,2025-07-21T09:25:33.974438,,+916363547255,False
1286795d-5df0-45c0-bc1a-d41f65bb87d5,Kevin Bennett,"66759 Smith Stravenue Suite 602, Christopherbury, FL 39894",700001,83.228594,-116.881380,3.72,prepaid,pending,,372.0,2025-07-21T09:25:33.974829,,+916363547255,False
868cd67e-46d7-44c8-8e2f-90053f99435c,John Odom,"212 Rios Coves Apt. 376, Quinnbury, OR 28961",560001,53.004986,2.483301,3.51,cod,paid,,351.0,2025-07-21T09:25:33.975342,,+916363547255,False
c679f301-b3fe-40ea-b48b-44b1f09c16bd,Haley Macdonald,"080 Boyer Station Apt. 185, Lake Kellybury, AZ 70992",700002,17.663560,82.110093,3.61,upi,pending,,361.0,2025-07-21T09:25:33.975785,,+916363547255,False
543ff53a-2cf6-47e8-8b61-630fea175174,Tamara Burns PhD,"088 Ann Highway, Brianhaven, CT 53331",110001,-28.587555,60.877111,1.1,prepaid,pending,,110.0,2025-07-21T09:25:33.976205,,+916363547255,True
6869616b-2797-47c2-b36c-b8001f71f511,Donald Webster,"71464 Walker Glens, Smithborough, AS 23547",110001,65.719240,118.875055,1.35,cod,paid,,135.0,2025-07-21T09:25:33.976614,,+916363547255,False
5dbee699-885d-493c-902e-b32adf2b60b2,Stacy Nelson,"2169 Rhonda Hills Apt. 099, East Carlosfort, MO 90534",560003,-58.279215,130.302933,1.56,prepaid,paid,,156.0,2025-07-21T09:25:33.976979,,+916363547255,False
19be3cff-ee59-46da-b4dd-509ca89dc268,Kristine Lindsey,"955 Choi Cove, Petersonshire, AL 02657",110003,71.431710,-145.934876,2.97,prepaid,paid,,297.0,2025-07-21T09:25:33.977385,,+916363547255,True
f2d25a40-d723-4537-b02c-ba465bd5a15d,Destiny Davis,"398 Dave Burgs, North Mario, FL 22945",600001,-88.190026,-75.965769,4.04,prepaid,failed,,404.0,2025-07-21T09:25:33.977732,,+916363547255,True
1f943247-35d0-4896-a53a-4da91864d75b,Kimberly Choi,"43444 Johnson Cliffs, North Traceyburgh, MA 20097",560002,57.010968,-57.847128,1.47,upi,failed,,147.0,2025-07-21T09:25:33.978123,,+916363547255,False
2a53bbed-c578-4ddb-b273-fcaf7b23125f,Justin Cruz,"64766 Collins Field, Fitzgeraldburgh, VA 79456",400001,7.731678,-16.834675,0.67,upi,pending,,67.0,2025-07-21T09:25:33.978532,,+916363547255,False
96c02737-f25e-46c9-8046-2b3b6ea61b5b,Vanessa Hebert,"Unit 5840 Box 8684, DPO AP 28672",700001,5.287906,-20.004250,3.85,upi,pending,,385.0,2025-07-21T09:25:33.978736,,+916363547255,True
a2864018-0b10-4719-84d4-65ed61fe6196,Kaitlyn Smith,"41735 Ellen Divide Suite 262, Brownside, LA 38026",560001,26.660052,-173.561192,3.29,prepaid,paid,,329.0,2025-07-21T09:25:33.979176,,+916363547255,False
cdf07042-534d-480b-9852-c2a39aba9d6b,Mark Sellers,"0605 Baker Orchard Suite 551, South Lisa, AK 01579",110003,25.547830,110.161800,2.82,prepaid,failed,,282.0,2025-07-21T09:25:33.979631,,+916363547255,False
b16592ed-08c7-4233-ab45-45e4166d8a21,Nicole King,"USNS Miller, FPO AP 11498",600002,-6.896626,122.586904,2.55,prepaid,failed,,255.0,2025-07-21T09:25:33.979925,,+916363547255,True
344621fe-ea39-4b98-a011-65abf2891a8a,William Wright,"9534 William Ports, Andrewstown, MO 23913",400003,40.877710,-177.833512,1.17,upi,paid,,117.0,2025-07-21T09:25:33.980325,,+916363547255,False
07a1dbc2-732b-4501-9132-97cecc6f8698,John Paul,"6080 Fisher Unions Suite 899, East Garystad, WY 71900",400002,-16.582764,-6.787587,3.11,cod,paid,,311.0,2025-07-21T09:25:33.980733,,+916363547255,False
8a4fc3a1-9a39-4f97-ac35-de2797d3db2a,Nicolas Noble,"3490 Riddle Plaza, Huntfort, SD 87943",110002,-67.711974,-71.863269,3.84,prepaid,pending,,384.0,2025-07-21T09:25:33.981130,,+916363547255,True
584a38d0-baa4-42da-b8c5-405ea6162dff,Antonio Guerrero,"35860 Hunt Springs, Robinborough, WY 76930",600003,79.850956,107.353765,3.61,cod,failed,,361.0,2025-07-21T09:25:33.981511,,+916363547255,True
98291a25-238c-4383-93f3-0d782eb5f510,Jeffrey Boyd,"96985 Peter Meadow Suite 368, West Neiltown, GA 42431",400002,-41.299544,-153.858551,3.56,prepaid,pending,,356.0,2025-07-21T09:25:33.981870,,+916363547255,True
99dcfa7b-8378-41b0-a5da-24235f01cab4,James Gomez,"0528 Sheila Coves, New Brooke, SC 11597",700003,-47.365665,-45.637911,2.12,prepaid,failed,,212.0,2025-07-21T09:25:33.982221,,+916363547255,True
e11a203d-222a-4d0d-a65b-b8c30233babc,Bryan Lucas,"617 Flores Rapids, Port William, KS 79340",700003,13.797958,59.546748,4.83,cod,failed,,483.0,2025-07-21T09:25:33.982605,,+916363547255,True
f803fc29-248d-4cdd-80ec-4b4734bb84f1,Paula Shaffer,"927 Campos Crossroad Apt. 153, East Erik, MP 79786",400001,19.052061,-11.559247,2.79,prepaid,paid,,279.0,2025-07-21T09:25:33.982995,,+916363547255,True
8beac0a4-3b30-41e4-b9dc-51f5f9fc67d8,Brian Klein,"747 Sara Land, Mitchellchester, WV 05167",560001,-67.297554,168.658378,2.7,cod,paid,,270.0,2025-07-21T09:25:33.983373,,+916363547255,True
a71165ab-49f6-41ae-bdc5-5d23a0983a9e,Michael Williams,"84881 Donald Isle, East Travisstad, CO 36286",560003,45.607245,107.600466,3.97,cod,pending,,397.0,2025-07-21T09:25:33.983787,,+916363547255,False
3f133a7f-a7eb-40c8-9183-2e9c7cb0ab3f,Amanda Lee,"63062 Patricia Stravenue Apt. 462, Lake Kristy, IL 10125",600001,-81.196449,-89.446001,0.55,cod,paid,,55.0,2025-07-21T09:25:33.984526,,+916363547255,True
d620abcc-63ab-4206-8fe5-eac3532f4ad7,Deborah Jacobson,"1560 Michael Mountain, Patriciamouth, MD 69664",400003,-21.747996,-64.618866,4.1,upi,paid,,410.0,2025-07-21T09:25:33.984909,,+916363547255,True
cb51cfb8-4a82-4467-ae8b-73dd0298b51a,Carlos Scott,"9879 Brenda Crossroad Suite 512, Lake Justin, FL 72269",700001,2.623891,-123.386678,2.61,cod,pending,,261.0,2025-07-21T09:25:33.985303,,+916363547255,True
c8a2decf-247f-4c32-8d00-ed59440ddd94,Dr. Christopher Lewis,"42404 William Spur Apt. 997, Lake William, NV 87697",560002,-77.101046,104.483031,0.82,upi,failed,,82.0,2025-07-21T09:25:33.985696,,+916363547255,True
d1334b2c-8949-41a7-a6b3-d31d924e9e1a,Holly Young,"69032 Stephanie Neck, Lake Deanbury, AL 77370",600003,11.849388,22.203159,2.69,upi,paid,,269.0,2025-07-21T09:25:33.986057,,+916363547255,False
527d865a-ee46-4b97-88ab-2baa86a4d76f,Timothy Key,"298 Karen Coves, East Wendyborough, MS 73892",700002,-72.846304,92.055014,0.6,upi,failed,,60.0,2025-07-21T09:25:33.986427,,+916363547255,True
659b702d-1f2c-4fb3-bbd6-a1f9be9f9494,Jennifer Brown,"920 Kendra Ports, Lake Juliemouth, PR 69050",110003,33.622383,-152.104235,3.98,cod,pending,,398.0,2025-07-21T09:25:33.986788,,+916363547255,False
eb4f96b7-6847-424d-bf83-0de092d961a3,Angela Walker,"PSC 3690, Box 6604, APO AE 66885",600002,35.222309,176.176433,0.92,cod,failed,,92.0,2025-07-21T09:25:33.986996,,+916363547255,True
99959bb9-1c37-4999-86a2-71235a721ef1,Peter Todd,"956 Chris Via, Lake Jerry, VA 73361",600003,9.738558,-76.659816,2.73,upi,failed,,273.0,2025-07-21T09:25:33.987347,,+916363547255,True
fd5e20f7-ad13-4541-9b28-d44c5de9e029,Sarah Merritt,"2925 Christina Mountain Suite 190, West Janice, NY 68813",700003,-22.894020,75.389765,1.88,prepaid,pending,,188.0,2025-07-21T09:25:33.987714,,+916363547255,False
cea7e4ed-0664-4b8d-b0f3-41e671dfb516,Timothy Mason,"670 Thomas Brooks Suite 927, New Johnport, IA 99606",700001,10.508292,-24.291655,1.36,upi,pending,,136.0,2025-07-21T09:25:33.988078,,+916363547255,True
c00d60f8-0be0-4c86-bdb6-a240185e6d2c,Ryan Rocha,"7765 Christopher Lakes, Jacobview, UT 83485",700003,57.301082,83.381745,2.79,upi,failed,,279.0,2025-07-21T09:25:33.988427,,+916363547255,False
daefae23-07e4-4333-b508-663023939ca5,Cameron Howell,"967 Diana Camp Apt. 436, North Christopher, MP 43677",700003,4.034677,-153.142994,2.41,prepaid,pending,,241.0,2025-07-21T09:25:33.988789,,+916363547255,True
029f83ca-5fb5-44f8-be4b-5aca0ec3706b,Joseph Smith,"Unit 5453 Box 4418, DPO AE 00738",600002,-84.990070,-81.545812,2.96,cod,paid,,296.0,2025-07-21T09:25:33.988991,,+916363547255,True
f4eaa9fe-0af6-42c6-9131-269d21136d75,Arthur Butler,"318 Travis Dam, West Melaniefort, UT 61663",400001,12.013298,-113.933238,1.04,cod,pending,,104.0,2025-07-21T09:25:33.989342,,+916363547255,False
9ad18146-0875-46ff-bb71-205b9bfce5c0,Anna Wallace,"418 Brown Union, Suzanneton, VA 60754",600003,16.050562,77.842911,4.04,cod,pending,,404.0,2025-07-21T09:25:33.989730,,+916363547255,False
cd916c31-58db-4468-a107-c4063b280b8c,Jennifer Ward,"289 Wilcox Ports, Amberfort, CA 94483",700001,58.000893,173.073055,4.18,cod,failed,,418.0,2025-07-21T09:25:33.990111,,+916363547255,False
4cd74fd4-0e8b-4f3c-a7f9-7ae785300147,Lindsey Rocha,"065 Campbell Mountains Apt. 203, Lake Jennifer, TN 68368",560003,40.748624,-5.808485,3.23,prepaid,paid,,323.0,2025-07-21T09:25:33.990503,,+916363547255,False
89b55a70-44ad-4918-83df-026fb4a44f7a,Benjamin James DDS,"54074 Lee Ports Suite 580, Kevinchester, NY 37166",700001,-47.416206,94.923710,3.43,cod,pending,,343.0,2025-07-21T09:25:33.990898,,+916363547255,True
46ec38a5-4e04-47cc-aaf6-20abeef45bef,Benjamin Howell,"90856 David Heights, South Briannashire, NE 07530",600003,-75.570340,158.315967,1.49,cod,pending,,149.0,2025-07-21T09:25:33.991252,,+916363547255,True
5edf5cce-bca5-4f54-a46d-d6c80c4b17cc,James Morgan,"7374 Lewis Ville, West James, NM 62330",400002,35.980850,-164.906004,4.76,prepaid,failed,,476.0,2025-07-21T09:25:33.991626,,+916363547255,False
1cbb3508-4f25-45ee-998e-298c42b06ffe,Austin Moreno,"039 Jenkins Estates, East Jillberg, FL 84810",600001,29.922240,-108.172137,4.72,upi,failed,,472.0,2025-07-21T09:25:33.992029,,+916363547255,False
c1242dad-2f65-4750-b718-239104118758,Hannah Davis,"5951 Peter Tunnel, West Geraldland, LA 53769",400002,-71.223532,21.578433,3.4,prepaid,pending,,340.0,2025-07-21T09:25:33.992383,,+916363547255,False
6ce02f71-b878-417a-9eb0-f2c0d32595c6,Christian Ewing III,"PSC 5806, Box 7656, APO AP 17763",110002,-38.763438,-6.142612,4.88,prepaid,failed,,488.0,2025-07-21T09:25:33.992587,,+916363547255,False
66ce1783-69ff-4eb0-980e-da299bdeff74,Kevin Burns IV,"90696 James Well Suite 180, East Christopher, OK 92505",600002,-40.986948,-145.713725,2.47,upi,pending,,247.0,2025-07-21T09:25:33.992953,,+916363547255,False
ffe36ed8-d113-4e79-9de8-fda24ff8b7bc,Christopher Rollins,"PSC 7675, Box 0855, APO AE 85468",600001,-63.565575,-73.986050,2.42,cod,pending,,242.0,2025-07-21T09:25:33.993158,,+916363547255,False
b147368c-ffea-453a-af30-e67c3a1ef102,Duane Flores Jr.,"6091 Kevin Crescent Suite 620, Fernandoview, IA 66133",600002,-58.723747,23.871956,4.6,cod,failed,,460.0,2025-07-21T09:25:33.993521,,+916363547255,False
166bbd85-bb58-4cfa-9eb7-24aaf6f16415,Ronald Thompson,"571 Timothy Island Apt. 696, Sullivanland, NH 47587",600002,-1.721705,-27.394840,4.62,upi,failed,,462.0,2025-07-21T09:25:33.993906,,+916363547255,False
9df79b10-69c2-4460-beeb-93b0af104406,Anthony Dennis,"777 Robinson Prairie, Rodriguezchester, CT 02339",560002,-76.137484,-26.480689,1.83,upi,pending,,183.0,2025-07-21T09:25:33.994311,,+916363547255,False
238b26bb-f878-4221-88cb-2d3c5efb6690,Mrs. Jamie Li,"4322 Smith Bypass, East Destiny, SC 74313",400003,-71.989328,-92.679520,4.37,cod,pending,,437.0,2025-07-21T09:25:33.994698,,+916363547255,False
5e2697b2-6c19-4324-897b-d05d5fa90225,Keith Schwartz Jr.,"61606 Kelly Curve Apt. 137, Anabury, MI 20601",560001,-69.782078,-30.104707,4.3,upi,pending,,430.0,2025-07-21T09:25:33.995058,,+916363547255,True
d91432fb-0671-4f64-b277-2c3b4d607891,Carrie Cox,"38953 Zachary Harbor Suite 913, Simpsonport, TN 91405",560001,-23.268216,51.973560,3.05,cod,failed,,305.0,2025-07-21T09:25:33.995453,,+916363547255,False
a9d45787-a5f7-4d8d-9866-a01cc7dc77bd,Rebecca Reynolds,"79691 Cardenas Isle, North Carl, GU 02482",400002,81.565614,24.503971,2.02,upi,pending,,202.0,2025-07-21T09:25:33.995832,,+916363547255,False
6cddec26-3dda-4603-9a8d-76d0bf02e21a,Kyle Nunez,"48824 Christopher Locks, Howellside, NC 86953",560001,-1.989000,-128.170467,3.78,prepaid,paid,,378.0,2025-07-21T09:25:33.996207,,+916363547255,True
e235fd04-e3c3-47fd-87ed-f011efc69614,Jorge Rose,"461 Travis Summit, Garciamouth, FL 82533",560003,-57.740237,64.648136,2.23,prepaid,paid,,223.0,2025-07-21T09:25:33.996599,,+916363547255,False
94932b3e-db40-457b-bc74-c846fe2f29a1,Natalie Patterson,"5122 Margaret Spurs Apt. 162, West Rachel, AS 24284",560002,67.056375,78.618422,2.51,prepaid,failed,,251.0,2025-07-21T09:25:33.996957,,+916363547255,True
fdf08e68-8312-4f73-bcb5-6d4033bfe0c7,Matthew Holt,"32548 Melton Burg Apt. 310, Randyport, KS 12087",400003,-30.904638,-114.563606,1.3,prepaid,paid,,130.0,2025-07-21T09:25:33.997339,,+916363547255,True
44572602-e948-4b9b-972f-82d0b2b5ba49,Daniel Alexander,"200 Odom Heights Apt. 984, West Davidmouth, AK 73593",400003,-67.579544,-17.037788,0.71,prepaid,pending,,71.0,2025-07-21T09:25:33.997721,,+916363547255,True
632614cc-d3e1-4cb8-ac87-fd6254bee83c,Chloe Wilson,"076 Haley Plaza Apt. 991, Port Kayla, FL 79955",110001,89.373656,60.583507,4.68,cod,pending,,468.0,2025-07-21T09:25:33.998106,,+916363547255,False
779ce75f-a96b-42a7-93c3-f53ff5a8ee46,Janet Scott,"0984 Mosley Plains, Johnstonchester, AK 65659",110003,-11.869082,8.740650,1.73,cod,pending,,173.0,2025-07-21T09:25:33.998511,,+916363547255,True
962c6b2b-f878-451c-867f-d9bdc4991c74,Marcia Walker,"7399 Randy Overpass Suite 159, Matthewmouth, MH 05190",700002,-29.548810,-49.553455,3.07,prepaid,pending,,307.0,2025-07-21T09:25:33.998870,,+916363547255,True
2cfd7aff-2937-4d5f-a44a-d67773e4891f,Jennifer Jones,"455 Jennifer Crescent, Stephenville, NY 10933",110003,-29.253569,-52.497890,0.66,prepaid,pending,,66.0,2025-07-21T09:25:33.999220,,+916363547255,False
96002bc5-5df5-48da-abe1-d173c3bd7fc5,Devin Williams,"121 Andrew Point, Ashleyfort, PR 68822",110003,51.464850,8.016066,3.26,cod,pending,,326.0,2025-07-21T09:25:33.999571,,+916363547255,True
325f2ea0-1a98-46b1-9120-7aa90a0f5497,Karen Johnson,"20777 Paul Fords, New Josephland, TX 34248",560001,5.670854,79.612162,1.18,upi,paid,,118.0,2025-07-21T09:25:33.999930,,+916363547255,True
f60dda0f-7ca2-4017-a9fb-8c6163f68ed2,Cheyenne Watson,"Unit 8795 Box 6892, DPO AE 04546",110002,-34.031088,-171.377494,4.71,upi,failed,,471.0,2025-07-21T09:25:34.001339,,+916363547255,False
23dd526e-452a-473d-bb27-ef531afd2274,Olivia Smith,"774 Ward Views, North Christopher, CA 96971",700001,-11.785718,19.998873,2.76,prepaid,paid,,276.0,2025-07-21T09:25:34.002132,,+916363547255,False
0c48ea14-5b9f-46bd-b701-05ee77b9a414,Miss Mary Robertson,"971 Wilkerson Crest Apt. 263, Andersonside, NH 22901",560003,-83.384190,135.502459,1.74,prepaid,pending,,174.0,2025-07-21T09:25:34.002897,,+916363547255,True
c1f796ff-9c38-4c43-8101-38f81b540fbe,Elizabeth Sandoval,"81949 Davis Village, Christopherport, ID 79037",400001,24.023240,-98.682733,4.45,prepaid,failed,,445.0,2025-07-21T09:25:34.003636,,+916363547255,True
7ad78391-a1d1-468c-a604-c67e19d26d45,Jeffrey Chambers,"632 Arnold Stream, Scottview, DC 05476",700001,-49.524219,165.734762,2.24,prepaid,pending,,224.0,2025-07-21T09:25:34.004340,,+916363547255,True
6f287b23-10cf-4746-af8d-e1886c68eaea,Tyler Hernandez,"6743 Robert Spurs, Joycefurt, NJ 74384",700001,17.577977,75.225226,4.96,prepaid,pending,,496.0,2025-07-21T09:25:34.004912,,+916363547255,False
2f867964-91f7-426d-8d66-349021973019,Bethany Ware,"9039 Benjamin Forges Suite 212, New Marciashire, AZ 38067",560003,77.192830,143.263660,2.96,cod,pending,,296.0,2025-07-21T09:25:34.005540,,+916363547255,True
17eed2e4-6a9c-4e8d-b872-1748462accc0,Mikayla Young,"48543 Gallagher Rapids Suite 636, Grayshire, IN 64093",600002,-15.988976,-3.118278,3.64,cod,pending,,364.0,2025-07-21T09:25:34.006223,,+916363547255,True
47428ff1-16f4-41e3-a543-cd91ccb483a9,Karla Rodriguez,"56867 Frederick Mountains Suite 376, North Willie, HI 43152",560001,57.471096,-116.865806,4.2,cod,paid,,420.0,2025-07-21T09:25:34.006907,,+916363547255,True
5b6b43d7-b898-4ef0-a44e-ecd00b9d6360,Heidi Adams,"152 Miller Cliffs, South Lisa, ME 50483",600003,-32.220669,-166.257732,2.65,prepaid,paid,,265.0,2025-07-21T09:25:34.007546,,+916363547255,False
3967112d-9633-47eb-9588-f15c42a93399,Tyler Meadows,"USS Jones, FPO AE 23010",600001,45.707068,60.229426,3.5,upi,pending,,350.0,2025-07-21T09:25:34.008061,,+916363547255,True
d7da6cab-fb47-4102-961e-1253751a1cdf,Carrie Castro,"95985 Peterson Expressway, Kaylafurt, AR 19447",560003,49.439873,132.896595,4.15,upi,failed,,415.0,2025-07-21T09:25:34.008708,,+916363547255,True
b964ff26-7e1c-4eb9-972b-97e8e3c1dc11,Kerry Walker,"1855 Campbell Knoll, Marymouth, ME 23016",700002,84.710036,-125.000531,4.38,upi,paid,,438.0,2025-07-21T09:25:34.009329,,+916363547255,True
86b5345d-95f6-4420-a15a-48b77d07587d,Mark Valenzuela,"781 Gabriel Lights, Stevensstad, AR 52905",700002,-57.844638,-56.720430,0.73,cod,failed,,73.0,2025-07-21T09:25:34.009951,,+916363547255,False
a7a781df-04c8-477b-9f2a-e281e359c20f,Lisa Dorsey,"7908 Sonya Brook Suite 953, North Deanna, WY 79985",700001,19.933586,-0.423307,3.93,prepaid,pending,,393.0,2025-07-21T09:25:34.010543,,+916363547255,True
b7b1c296-d985-44a2-8640-e5bac20a646a,Mrs. Suzanne Barnett,"65963 Sean Club, Erikaland, IA 46701",560002,-69.979516,-35.524936,4.16,upi,paid,,416.0,2025-07-21T09:25:34.011119,,+916363547255,False
8ac4034d-e09c-4cde-8b99-1aaac96453aa,Aaron Boyer,"911 Jessica Overpass Suite 129, Lake David, ND 27294",560003,-60.971522,-157.654522,2.07,prepaid,pending,,207.0,2025-07-21T09:25:34.011694,,+916363547255,True
1e7f7cea-81eb-4adf-b84d-cc12e221a5f1,Hannah Fisher,"27415 Calhoun Valleys, West Michaela, PA 07654",700003,-68.129707,60.722515,3.12,prepaid,failed,,312.0,2025-07-21T09:25:34.012316,,+916363547255,True
75629bc9-3f5b-4cc2-a053-3118a9cfb4a1,Carrie Mcdonald,"062 Rachael Turnpike Suite 532, Jasonmouth, FL 84853",560003,-70.766340,-71.230893,4.66,cod,paid,,466.0,2025-07-21T09:25:34.012897,,+916363547255,False
a4060270-f704-45f1-83a5-70e8314a78b0,Matthew Snow,"7769 Autumn Rapids, West Frank, IN 14393",700003,33.542067,-124.013059,3.52,cod,failed,,352.0,2025-07-21T09:25:34.013463,,+916363547255,True
8cc9db2d-4129-4520-91ca-1e9f79d8b634,Edward Crane,"PSC 9416, Box 6391, APO AP 50510",400002,46.242584,41.961835,1.19,cod,pending,,119.0,2025-07-21T09:25:34.013779,,+916363547255,True
61196ea7-0d8a-4d8f-9e50-3f7de3b67106,Roger Shepherd,"0021 Eric Points Apt. 523, Port Paul, VT 14591",700001,-59.008952,48.384823,3.98,cod,pending,,398.0,2025-07-21T09:25:34.014361,,+916363547255,True
f253abdc-123c-4fc4-a4b8-4fe78127df52,Jim Krause,"2062 Evans Springs, West Brian, NJ 63761",400001,80.435534,142.607856,3.37,prepaid,failed,,337.0,2025-07-21T09:25:34.014970,,+916363547255,False
dc4a38e4-7aaa-4fdf-afd9-05f50af96d50,Michael Wheeler,"50773 Derek Vista, South Alexandra, MH 26496",400003,-31.473849,149.906850,4.42,upi,failed,,442.0,2025-07-21T09:25:34.015530,,+916363547255,False
27ddff2d-ecf8-4229-a729-c9eb14501cb6,Lindsay Anderson,"651 Reyes Mission, North Johnshire, AL 98480",700002,38.570057,-47.356809,0.86,cod,pending,,86.0,2025-07-21T09:25:34.016168,,+916363547255,True
4fe2688f-1cf1-4b85-837c-f5924dc5b183,Melanie White,"752 Kathleen Common, Lake Lee, MH 80876",600003,21.371082,-48.084533,5.0,cod,paid,,500.0,2025-07-21T09:25:34.016761,,+916363547255,True
bf3e016a-a3a1-42c3-841d-4bdf3a5f1a50,Sandra Terrell,"875 Mary Glen, South Shelia, UT 76826",110003,61.297636,155.168046,3.01,cod,pending,,301.0,2025-07-21T09:25:34.017329,,+916363547255,True
760466b5-c1e6-4309-b437-ae444e1b2f1f,Adrian Mills,"449 Leah View, Lammouth, DE 17236",600001,42.260366,-25.762317,2.5,cod,failed,,250.0,2025-07-21T09:25:34.017937,,+916363547255,True
05a3ab80-e6a0-4b5c-a209-c9ef00e6f693,Janet Hawkins,"9626 Rush Motorway, Port Garrettshire, NY 96628",110001,65.280374,99.570040,3.12,prepaid,pending,,312.0,2025-07-21T09:25:34.018571,,+916363547255,True
8801249d-10c6-4a2e-a006-0c46e5bf0167,Karen Matthews,"55709 Jessica Course, Port Michael, IN 52742",560002,8.060712,-5.141685,2.03,upi,paid,,203.0,2025-07-21T09:25:34.019137,,+916363547255,True
c361332e-797d-41b4-abe2-a0f89ceae08f,David Vaughan,"6525 Elizabeth Landing Suite 882, Melanieshire, NE 21957",600001,-68.024468,-115.070309,3.42,prepaid,paid,,342.0,2025-07-21T09:25:34.019712,,+916363547255,False
86b31033-8e00-43a7-a3b4-35984f83384b,Emily Harris,"PSC 6545, Box 7011, APO AA 85084",600003,-70.707252,165.190970,3.37,upi,pending,,337.0,2025-07-21T09:25:34.020041,,+916363547255,True
3fb835aa-e188-4721-bf56-e07c0141f337,Christopher Wheeler,"6603 Mark Union Suite 529, Port Matthewbury, TN 49964",110001,-14.863200,-109.563029,3.53,cod,paid,,353.0,2025-07-21T09:25:34.020625,,+916363547255,False
59a2ee59-b71c-4b5e-a392-321bb3eb47ad,Jake Carter,"19341 Samantha Turnpike Apt. 028, Lake Marytown, NJ 16861",400001,-69.842846,58.255192,2.0,cod,failed,,200.0,2025-07-21T09:25:34.021213,,+916363547255,True
54523e5b-9c6d-4a4d-8038-b288f3542938,Michael Harris,"2084 Bowen Path Suite 000, Nelsonchester, SD 40524",400003,68.508330,-98.120783,2.27,upi,failed,,227.0,2025-07-21T09:25:34.021887,,+916363547255,True
63beed1a-a175-4ffd-a6c0-ae0a171d9079,William Elliott,"USNV Kent, FPO AE 66441",400001,-87.308500,114.870178,3.57,prepaid,paid,,357.0,2025-07-21T09:25:34.022354,,+916363547255,True
f1187110-fd1d-4862-a1b3-882883d732f5,Deborah Henson,"986 Benson Lodge Suite 616, Lake Mitchell, WV 24453",600001,-16.922600,77.437122,4.25,prepaid,pending,,425.0,2025-07-21T09:25:34.022988,,+916363547255,False
f399a5f0-d0b7-463b-b5e7-4741fdb5bc2f,Robert Vaughan,"43890 Seth Rue, West Audreyfurt, SD 10953",560003,-78.861813,-79.703124,0.69,cod,failed,,69.0,2025-07-21T09:25:34.023555,,+916363547255,False
b35d82de-8d59-4188-ac36-99febf70f180,Matthew Mejia,"Unit 6327 Box 9473, DPO AE 61898",110002,-2.104698,123.458331,2.12,upi,failed,,212.0,2025-07-21T09:25:34.023880,,+916363547255,True
ccc89ebc-7a48-4189-9e31-f34b75e2e567,Christine Morales,"7178 Christopher Lodge, Lynnport, PR 96532",560003,-71.241860,-16.453777,0.68,upi,failed,,68.0,2025-07-21T09:25:34.024452,,+916363547255,False
6a0e5c41-b4ec-4164-978f-dc6fdeaf4602,Jared Sims,"060 Ann Port Apt. 600, Kathytown, IL 23663",600002,-60.374216,63.380808,4.66,prepaid,paid,,466.0,2025-07-21T09:25:34.025030,,+916363547255,False
6f08673e-9cad-4112-aef9-d7d8a08c897a,Loretta Carroll,"46886 Scott Unions Suite 337, Saraland, HI 76340",700002,-59.891642,164.980709,2.16,prepaid,paid,,216.0,2025-07-21T09:25:34.025622,,+916363547255,True
db9d850b-3975-48e0-abe8-13338567816e,Melinda Freeman,"172 Laura Land Suite 063, North Barbara, FM 93472",400001,-33.844852,129.808836,2.52,prepaid,paid,,252.0,2025-07-21T09:25:34.026230,,+916363547255,True
78a7cba1-4fb8-4ad4-9d55-f3606ef59454,Alexandria Shah DVM,"70469 James Harbor, Petersburgh, PA 66716",700001,59.828524,-125.700814,0.52,upi,paid,,52.0,2025-07-21T09:25:34.026879,,+916363547255,False
cfd1d2b6-c03a-44fc-a3f1-8f0b388c9d1c,Alec Smith,"47936 Karen Drive Apt. 447, New Sharonborough, MH 14667",110001,79.667380,153.965927,3.81,upi,failed,,381.0,2025-07-21T09:25:34.027465,,+916363547255,True
e130f1b9-b51a-4b37-86a4-f33d9987f141,Gregory Murphy,"5203 Melvin Land, West Isaac, DC 79159",700002,-55.038003,-84.424988,2.66,cod,paid,,266.0,2025-07-21T09:25:34.028028,,+916363547255,False
a772645f-70ea-4666-b6ad-75c9a4dee9f5,Rachael Martinez MD,"114 Philip Squares, Jamesport, AK 77783",600002,6.272299,68.604117,1.53,cod,failed,,153.0,2025-07-21T09:25:34.028655,,+916363547255,False
401d90cd-c6e6-42c1-a2eb-eec8315b1e0a,Elaine Fields,"8217 Ian Station, Smithside, OH 91224",600003,40.776091,-71.689495,4.94,prepaid,paid,,494.0,2025-07-21T09:25:34.029274,,+916363547255,False
278cb907-7705-42f2-b4c9-12df1c18d59a,John Copeland,"3358 Soto Pass Apt. 178, North Paulburgh, RI 17408",600001,66.372924,174.786378,0.57,prepaid,pending,,57.0,2025-07-21T09:25:34.029906,,+916363547255,False
db265ddf-1cae-4451-a812-260d49572c0b,Mary Williams,"6849 Aaron Island Apt. 875, Meghanton, NV 92136",560003,-18.802585,121.293687,0.71,prepaid,paid,,71.0,2025-07-21T09:25:34.030492,,+916363547255,False
fd224b5e-5525-4758-972c-9dc61f093fee,William Maxwell,"065 Wallace Well Suite 252, Port Heatherberg, TN 56496",560002,52.932592,140.319093,3.59,upi,failed,,359.0,2025-07-21T09:25:34.031124,,+916363547255,False
ec5d8058-c3ef-44ca-b763-a5035c8900e3,Kimberly Gomez,"20020 Davis Island, Randychester, IL 83680",560001,23.696872,-126.404071,4.45,prepaid,failed,,445.0,2025-07-21T09:25:34.031776,,+916363547255,False
b1660173-1d32-413c-bbe3-e626c9e58643,Jessica Johnson,"6140 Ashley Expressway, Kingstad, KS 39840",700001,60.355746,105.081245,2.92,upi,pending,,292.0,2025-07-21T09:25:34.032420,,+916363547255,True
13a93eea-4c4d-463d-8ceb-14cfb02091e1,Christopher Rivera,"0657 Brown Spurs, Matthewton, AS 17900",700003,37.196800,-86.141848,3.08,prepaid,pending,,308.0,2025-07-21T09:25:34.033026,,+916363547255,False
b6c933e2-a232-4092-96e2-55a67a67886b,Wesley Weiss,"679 Steven Plains Suite 303, West Gregory, GA 56269",560003,-38.585593,-39.065769,4.53,cod,paid,,453.0,2025-07-21T09:25:34.033600,,+916363547255,True
f22bc166-a7d6-450c-a144-5db3e21f21e8,Michael Smith,"89422 Wheeler Road, Jacksonside, OK 44545",110003,76.871410,-167.449900,4.76,cod,failed,,476.0,2025-07-21T09:25:34.034252,,+916363547255,True
e8a27556-1f2c-4d17-b2cc-9753750fffa5,Evan English,"026 Nguyen Lodge Suite 883, West James, AR 72878",700002,-15.796496,-147.078678,2.57,upi,pending,,257.0,2025-07-21T09:25:34.034874,,+916363547255,True
8059642b-95ac-42d9-a4f9-ceca30f90989,Sara West,"1178 Adam Square Suite 414, Rileyside, OH 04777",700003,-23.301308,170.935970,0.94,prepaid,paid,,94.0,2025-07-21T09:25:34.035598,,+916363547255,False
7b30a2ad-e297-4c40-93fb-253213e15b7b,Christine Cunningham,"2754 Wheeler Knolls, Staceychester, AZ 68304",400003,-3.314320,142.263357,4.1,prepaid,pending,,410.0,2025-07-21T09:25:34.036078,,+916363547255,False
81100a44-0a24-4940-b3ca-c3704f664723,Tammy Snow,"1563 Thomas Ports Suite 765, Schultzstad, HI 53766",400001,-88.891634,115.927685,4.37,prepaid,paid,,437.0,2025-07-21T09:25:34.036511,,+916363547255,True
b53aad1d-5fd0-4ae5-bce3-b9ff4dd92094,Natalie Hill,"46091 Benjamin View Apt. 606, Port Stevenfurt, AL 77031",700003,71.907492,-143.831103,3.21,prepaid,failed,,321.0,2025-07-21T09:25:34.036882,,+916363547255,True
9fc9da42-8fed-471f-a735-69cd0805c27f,Kristi Wyatt,"0475 Fields Valleys, East Kristinaburgh, MA 60765",400002,-13.680888,67.648030,2.28,upi,failed,,228.0,2025-07-21T09:25:34.037273,,+916363547255,False
ca3516d6-6bcb-409e-bda9-d83ffde4465a,Mrs. Brittany Thompson,"7195 Dominique Via Suite 584, Johnville, CA 51824",400001,56.451192,-113.587654,3.04,upi,failed,,304.0,2025-07-21T09:25:34.037641,,+916363547255,False
4063a907-e0e3-4430-b4b3-2ae5cb59138c,Jesse Jackson,"279 Megan Harbors, Matthewmouth, NV 02271",700003,38.622777,-147.847581,4.58,cod,pending,,458.0,2025-07-21T09:25:34.037992,,+916363547255,True
579b83e8-8265-42a7-aa47-c69962da9a10,Megan Mills,"355 Warren Ports Apt. 691, Lake Robert, HI 34729",110003,46.410752,108.459358,4.92,cod,paid,,492.0,2025-07-21T09:25:34.038383,,+916363547255,True
8a9be8dc-8802-4c68-8170-0b60902c6af6,Jacob Campbell,"9787 Richardson Crossing, Port Maryfurt, VA 05938",110003,57.083082,-60.511871,2.64,prepaid,pending,,264.0,2025-07-21T09:25:34.038764,,+916363547255,False
44cdf6be-bc3d-474a-986f-514400a437eb,Patrick Hughes,"03744 Jeffrey Forks, East Nancyburgh, AL 06119",400001,-12.282590,-69.450700,3.69,cod,pending,,369.0,2025-07-21T09:25:34.039113,,+916363547255,True
2a18714c-cbde-4e3b-8329-0600f78557bd,Katie Thomas,"934 Gregory Corner, Ronaldchester, SC 97335",700003,36.238600,-90.164944,2.71,cod,failed,,271.0,2025-07-21T09:25:34.039463,,+916363547255,True
03aa4692-623a-4ff8-9b12-6857129eb668,Meagan Mathews,"44021 Henderson Square, Theresahaven, NH 66090",560002,-54.527786,110.736434,3.18,prepaid,failed,,318.0,2025-07-21T09:25:34.039855,,+916363547255,False
5b95c329-1866-4547-a927-ee77c2831daf,Christina Larson,"723 Mercer Estates, North Jonathan, CT 13074",400001,27.919581,-71.947044,4.33,cod,paid,,433.0,2025-07-21T09:25:34.040237,,+916363547255,False
89d3e55d-2b08-4a4e-af28-7aecc9a8e1f4,Mr. William Garcia,"442 Carol Pine, Port Andreatown, IL 82913",700002,79.161650,1.362753,2.74,cod,failed,,274.0,2025-07-21T09:25:34.040593,,+916363547255,False
